Workbook

Sheet ALL CONTENTS
T1: FRESH PRODUCTS FRESH PRODUCTS FRESH PRODUCTS FRESH PRODUCTS | AY1: FROZEN PRODUCTS | BN1: DRY PRODUCTS | CE1: Spices
A2: No. | B2: Code | C2: Origin | D2: Category | E2: Sub Category | F2: Out Sourced / Produced ? | G2: Regular /Occasional | H2: Recipe Name | I2: Recipe Reference | J2: Recipe No | K2: Code 1 | L2: Code 2 | M2: Ready Meal Code | N2: Alternative Code | O2: Description | P2: Unit Weight | Q2: Status | R2: One Mix Qty/ Qty Per Batch | S2: Number Of Units Per Pastry Sheet | T2: Onion Puree | U2: Cheddar Cheese | V2: 3Mm Sliced Onions | W2: 10Mm Diced Onions | X2: 10Mm Diced Potatoes | Y2: 3 X 3 X20Mm Shredded Carrots | Z2: 3Mm Shredded Cabbage | AA2: 10 X 10Mm Diced Carrots | AB2: Sliced Red Pepper | AC2: Diced Red Pepper 20Mm | AD2: Pepper Red - Cp Cut | AE2: Pepper Green - Cp Cut | AF2: Potato Diced 20Mm | AG2: Diced Onions 25Mm | AH2: Fresh Green Beans Baton (30-60Mm( | AI2: Baby Corn Diced | AJ2: Baton Carrot 2.5Mm | AK2: Savoy Cabbage Shredded Julian | AL2: Diced Green Pepper 25Mm | AM2: Chopped Onion 2-6 Mm | AN2: Fresh Coriander Chopped | AO2: Sliced Mushroom | AP2: Cp-Cut Onion | AQ2: Ginger Puree | AR2: Garlic Puree | AS2: Beansprouts Catering Pack | AT2: Julienne Chicken-Chicken Strips | AU2: Tims Natural Yoghurt | AV2: Single Cream | AW2: Dc4 Double Cream | AY2: Chicken | AZ2: Chicken Pakora | BA2: Chicken Fines | BB2: Lamb | BC2: Duck | BD2: Prawns | BE2: Potato Skins | BF2: Spring Onions | BG2: Diced Peppers Green | BH2: Diced Peppers Red | BI2: Mixed Vegetable | BJ2: Coriander | BK2: Spinach | BL2: Peas | BN2: Lemon Juice | BO2: Soya Mince | BP2: Bamboo Shoots | BQ2: Water Chestnuts | BR2: Wheat Flour (Victoria) | BS2: Gram Flour | BT2: Tomato Puree | BU2: Potato Starch | BV2: Potato Flakes | BW2: Kidney Beans | BX2: Sesame Seeds | BY2: Semolina | BZ2: Baking Powder | CA2: Breadcrumbs | CB2: Malt Vinegar | CC2: Rice Flour | CE2: Balti Curry Paste | CF2: Salt | CG2: Sugar | CH2: Cumin Seeds | CI2: Chilli Powder | CJ2: Tamarind Paste | CK2: Garam Masala
A3: 1 | B3: Chi|001 | C3: China | D3: Snacks | E3: Vegetable Samosa's | F3: Out Sourced | G3: Regular | H3: Vegetable Samosa | K3: VSB15G | L3: VS15G | N3: 1000 | O3: Vegetable Samosa Bite 15G | P3: 15 | Q3: Live | T3: =VLOOKUP(N3,('Master File'!$I$3:$I$220),1,FALSE) -> 1000
A4: =A3+1 -> 2 | B4: Chi|002 | C4: China | D4: Snacks | E4: Vegetable Spring roll's | F4: Out Sourced | G4: Regular | H4: Vegetable Spring roll | K4: VSR15G | L4: VSR15G | N4: 1001 | O4: Vegetable Spring Roll 15G | P4: 15 | Q4: Live | T4: =VLOOKUP(N4,('Master File'!$I$3:$I$220),1,FALSE) -> 1001
A5: =A4+1 -> 3 | B5: Chi|003 | C5: China | D5: Snacks | E5: Vegetable Spring roll's | F5: Out Sourced | G5: Regular | H5: Vegetable Spring roll | K5: VSR20G | L5: VSR20G | N5: 1002 | O5: Vegetable Spring Roll 20G | P5: 20 | Q5: Live | T5: =VLOOKUP(N5,('Master File'!$I$3:$I$220),1,FALSE) -> 1002
A6: =A5+1 -> 4 | B6: GAZ|001 | C6: GAZEBO | D6: Snacks | E6: Chicken Samosa's | F6: Produced | G6: Regular | H6: Chicken Tikka Samosa | I6: GFF106R | J6: 1 | K6: CTSXLJ120G | L6: CTS120G | N6: 1003 | O6: Chicken Tikka Samosa XL (Jumbo) 120G | P6: 120 | Q6: Live | R6: 320 | T6: =VLOOKUP(N6,('Master File'!$I$3:$I$220),1,FALSE) -> 1003
A7: =A6+1 -> 5 | B7: GAZ|002 | C7: GAZEBO | D7: Snacks | E7: Chicken Samosa's | F7: Produced | G7: Regular | H7: Chicken Tikka Samosa | I7: GFF004R | J7: 0 | K7: CTSL100G | L7: CTS100G | N7: 1004 | O7: Chicken Tikka Samosa Large 100G | P7: 100 | Q7: Live | R7: 600 | T7: =VLOOKUP(N7,('Master File'!$I$3:$I$220),1,FALSE) -> 1004
A8: =A7+1 -> 6 | B8: GAZ|003 | C8: GAZEBO | D8: Snacks | E8: Chicken Samosa's | F8: Produced | G8: Regular | H8: Chicken Tikka Samosa | I8: GFF004R | J8: 0 | K8: CTSL100GS | L8: CTS100GS | N8: 1005 | O8: Chicken Tikka Samosa Large 100G Seeded | P8: 100 | Q8: Live | R8: 600 | T8: =VLOOKUP(N8,('Master File'!$I$3:$I$220),1,FALSE) -> 1005
A9: =A8+1 -> 7 | B9: GAZ|004 | C9: GAZEBO | D9: Snacks | E9: Chicken Samosa's | F9: Produced | G9: Regular | H9: Chicken Tikka Samosa | I9: GFF004R | J9: 0 | K9: CTSM75G | L9: CTS75G | N9: 1006 | O9: Chicken Tikka Samosa Large 75G | P9: 75 | Q9: Live | R9: 920 | T9: =VLOOKUP(N9,('Master File'!$I$3:$I$220),1,FALSE) -> 1006
A10: =A9+1 -> 8 | B10: GAZ|005 | C10: GAZEBO | D10: Snacks | E10: Chicken Samosa's | F10: Produced | G10: Regular | H10: Chicken Tikka Samosa | I10: GFF004R | J10: 0 | K10: CTSC40G | L10: CTS40G | N10: 1007 | O10: Chicken Tikka Samosa Cocktail 40G | P10: 40 | Q10: Live | R10: 1800 | T10: =VLOOKUP(N10,('Master File'!$I$3:$I$220),1,FALSE) -> 1007
A11: =A10+1 -> 9 | B11: GAZ|006 | C11: GAZEBO | D11: Snacks | E11: Chicken Samosa's | F11: Produced | G11: Regular | H11: Chicken Tikka Samosa | I11: GFF004R | J11: 0 | K11: CTSC25G | L11: CTS25G | N11: 1008 | O11: Chicken Tikka Samosa Cocktail 25G | P11: 25 | Q11: Live | R11: 3200 | T11: =VLOOKUP(N11,('Master File'!$I$3:$I$220),1,FALSE) -> 1008
A12: =A11+1 -> 10 | B12: GAZ|007 | C12: GAZEBO | D12: Snacks | E12: Chicken Samosa's | F12: Produced | G12: Regular | H12: Jerk Chicken Samosa | I12: GFF106R | J12: 2 | K12: JCSL120G | L12: JCS120G | N12: 1009 | O12: Jerk Chicken Samosa Large 120G | P12: 120 | Q12: Live | R12: 225 | T12: =VLOOKUP(N12,('Master File'!$I$3:$I$220),1,FALSE) -> 1009
A13: =A12+1 -> 11 | B13: GAZ|008 | C13: GAZEBO | D13: Snacks | E13: Vegetable Samosa's | F13: Produced | G13: Regular | H13: Vegetable Samosa | I13: GFF003R | J13: 0 | K13: VSL100G | L13: VS100G | N13: 1010 | O13: Vegetable Samosa Large 100G | P13: 100 | Q13: Live | R13: 580 | S13: 4 | T13: =VLOOKUP(N13,('Master File'!$I$3:$I$220),1,FALSE) -> 1010 | W13: 1600 | X13: 24000 | AA13: 4000 | BJ13: 360 | BL13: 12000 | BN13: 800 | BT13: 960 | CE13: 1600 | CF13: 360 | CG13: 400 | CH13: 160 | CI13: 80 | CJ13: 80 | CK13: 80
A14: =A13+1 -> 12 | B14: GAZ|009 | C14: GAZEBO | D14: Snacks | E14: Vegetable Samosa's | F14: Produced | G14: Regular | H14: Vegetable Samosa | I14: GFF003R | J14: 0 | K14: VSL100GS | L14: VS100GS | N14: 1011 | O14: Vegetable Samosa Large 100G Seeded | P14: 100 | Q14: Live | R14: 580 | S14: 4 | T14: =VLOOKUP(N14,('Master File'!$I$3:$I$220),1,FALSE) -> 1011 | W14: 1600 | X14: 24000 | AA14: 4000 | BJ14: 360 | BL14: 12000 | BN14: 800 | BT14: 960 | CE14: 1600 | CF14: 360 | CG14: 400 | CH14: 160 | CI14: 80 | CJ14: 80 | CK14: 80
A15: =A14+1 -> 13 | B15: GAZ|010 | C15: GAZEBO | D15: Snacks | E15: Vegetable Samosa's | F15: Produced | G15: Regular | H15: Vegetable Samosa | I15: GFF003R | J15: 0 | K15: VSC25G | L15: VS25G | N15: 1012 | O15: Vegetable Samosa Cocktail 25G | P15: 25 | Q15: Live | R15: 3100 | S15: 8 | T15: =VLOOKUP(N15,('Master File'!$I$3:$I$220),1,FALSE) -> 1012 | W15: 1600 | X15: 24000 | AA15: 4000 | BJ15: 360 | BL15: 12000 | BN15: 800 | BT15: 960 | CE15: 1600 | CF15: 360 | CG15: 400 | CH15: 160 | CI15: 80 | CJ15: 80 | CK15: 80
A16: =A15+1 -> 14 | B16: GAZ|011 | C16: GAZEBO | D16: Snacks | E16: Vegetable Samosa's | F16: Produced | G16: Occasional | H16: Vegetable Samosa | I16: GFF003R | J16: 0 | K16: VSC25GS | L16: VS25GS | N16: 1013 | O16: Vegetable Samosa Cocktail 25G Seeded | P16: 25 | Q16: Live | R16: 3100 | S16: 8 | T16: =VLOOKUP(N16,('Master File'!$I$3:$I$220),1,FALSE) -> 1013 | W16: 1600 | X16: 24000 | AA16: 4000 | BJ16: 360 | BL16: 12000 | BN16: 800 | BT16: 960 | CE16: 1600 | CF16: 360 | CG16: 400 | CH16: 160 | CI16: 80 | CJ16: 80 | CK16: 80
A17: =A16+1 -> 15 | B17: GAZ|012 | C17: GAZEBO | D17: Snacks | E17: Vegetable Samosa's | F17: Produced | G17: Regular | H17: Vegetable Samosa | I17: GFF003R | J17: 0 | K17: VSC35G | L17: VS35G | N17: 1014 | O17: Vegetable Samosa Cocktail 35G | P17: 35 | Q17: Discontinued | R17: 0 | T17: =VLOOKUP(N17,('Master File'!$I$3:$I$220),1,FALSE) -> #N/A
A18: =A17+1 -> 16 | B18: GAZ|013 | C18: GAZEBO | D18: Snacks | E18: Vegetable Samosa's | F18: Produced | G18: Regular | H18: Vegetable Samosa | I18: GFF003R | J18: 0 | K18: VSC40G | L18: VS40G | N18: 1015 | O18: Vegetable Samosa Cocktail 40G | P18: 40 | Q18: Live | R18: 1650 | S18: 8 | T18: =VLOOKUP(N18,('Master File'!$I$3:$I$220),1,FALSE) -> 1015 | W18: 1600 | X18: 24000 | AA18: 4000 | BJ18: 360 | BL18: 12000 | BN18: 800 | BT18: 960 | CE18: 1600 | CF18: 360 | CG18: 400 | CH18: 160 | CI18: 80 | CJ18: 80 | CK18: 80
A19: =A18+1 -> 17 | B19: GAZ|014 | C19: GAZEBO | D19: Snacks | E19: Vegetable Samosa's | F19: Produced | G19: Regular | H19: Vegetable Samosa | I19: GFF039R | J19: 1 | K19: VSXLJ140G | L19: VS140G | N19: 1016 | O19: Vegetable Samosa XL (Jumbo) 140G | P19: 140 | Q19: Live | R19: 225 | S19: 3 | T19: =VLOOKUP(N19,('Master File'!$I$3:$I$220),1,FALSE) -> 1016
A20: =A19+1 -> 18 | B20: GAZ|015 | C20: GAZEBO | D20: Snacks | E20: Lamb Samosa's | F20: Produced | G20: Regular | H20: Lamb Samosa | I20: GFF005R | J20: 0 | K20: LSL100G | L20: LS100G | N20: 1017 | O20: Lamb Samosa Large 100G | P20: 100 | Q20: Live | R20: 700 | T20: =VLOOKUP(N20,('Master File'!$I$3:$I$220),1,FALSE) -> 1017
A21: =A20+1 -> 19 | B21: GAZ|016 | C21: GAZEBO | D21: Snacks | E21: Lamb Samosa's | F21: Produced | G21: Regular | H21: Lamb Samosa | I21: GFF005R | J21: 0 | K21: LSC25G | L21: LS25G | N21: 1018 | O21: Lamb Samosa Cocktail 25G | P21: 25 | Q21: Live | R21: 3000 | T21: =VLOOKUP(N21,('Master File'!$I$3:$I$220),1,FALSE) -> 1018
A22: =A21+1 -> 20 | B22: GAZ|017 | C22: GAZEBO | D22: Snacks | E22: Lamb Samosa's | F22: Produced | G22: Regular | H22: Lamb Samosa | I22: GFF005R | J22: 0 | K22: LSC40G | L22: LS40G | N22: 1019 | O22: Lamb Samosa Cocktail 40G | P22: 40 | Q22: Live | R22: 1600 | T22: =VLOOKUP(N22,('Master File'!$I$3:$I$220),1,FALSE) -> 1019
A23: =A22+1 -> 21 | B23: GAZ|018 | C23: GAZEBO | D23: Snacks | E23: Lamb Samosa's | F23: Produced | G23: Regular | H23: Lamb Samosa | I23: GFF040R | J23: 1 | K23: LSXLJ120G | L23: LS120G | N23: 1020 | O23: Lamb Samosa XL (Jumbo) 120G | P23: 120 | Q23: Live | R23: 250 | T23: =VLOOKUP(N23,('Master File'!$I$3:$I$220),1,FALSE) -> 1020
A24: =A23+1 -> 22 | B24: GAZ|019 | C24: GAZEBO | D24: Snacks | E24: Lamb Samosa's | F24: Produced | G24: Regular | H24: Lamb Samosa | I24: GFF005R | J24: 0 | K24: LSL75G | L24: LS75G | N24: 1021 | O24: Lamb Samosa Large 75G | P24: 75 | Q24: Live | R24: 1000 | T24: =VLOOKUP(N24,('Master File'!$I$3:$I$220),1,FALSE) -> 1021
A25: =A24+1 -> 23 | B25: GAZ|020 | C25: GAZEBO | D25: Snacks | E25: Lamb Samosa's | F25: Produced | G25: Regular | H25: Lamb Samosa | I25: GFF005R | J25: 0 | K25: LSL100GS | L25: LS100GS | N25: 1022 | O25: Lamb Samosa Large 100G Seeded | P25: 100 | Q25: Discontinued | R25: 700 | T25: =VLOOKUP(N25,('Master File'!$I$3:$I$220),1,FALSE) -> #N/A
A26: =A25+1 -> 24 | B26: GAZ|021 | C26: GAZEBO | D26: Snacks | E26: Chicken Spring roll's | F26: Produced | G26: Regular | H26: Chicken Spring roll | I26: GFF008R | J26: 0 | K26: CSRM50G | L26: CSR50G | N26: 1023 | O26: Chicken Spring Roll Medium 50G | P26: 50 | Q26: Live | R26: 600 | T26: =VLOOKUP(N26,('Master File'!$I$3:$I$220),1,FALSE) -> 1023
A27: =A26+1 -> 25 | B27: GAZ|022 | C27: GAZEBO | D27: Snacks | E27: Vegetable Spring roll's | F27: Produced | G27: Regular | H27: Vegetable Spring roll | J27: 0 | K27: VSR25G | L27: VSR25G | N27: 1024 | O27: Vegetable Spring Roll 25G | P27: 25 | Q27: Discontinued | T27: =VLOOKUP(N27,('Master File'!$I$3:$I$220),1,FALSE) -> #N/A
A28: =A27+1 -> 26 | B28: GAZ|023 | C28: GAZEBO | D28: Snacks | E28: Vegetable Spring roll's | F28: Produced | G28: Regular | H28: Vegetable Spring roll | I28: GFF006R | J28: 0 | K28: VSRL85G | L28: VSR85G | N28: 1025 | O28: Vegetable Spring Roll Large 85G | P28: 85 | Q28: Live | R28: 500 | T28: =VLOOKUP(N28,('Master File'!$I$3:$I$220),1,FALSE) -> 1025
A29: =A28+1 -> 27 | B29: GAZ|024 | C29: GAZEBO | D29: Snacks | E29: Vegetable Spring roll's | F29: Produced | G29: Regular | H29: Vegetable Spring roll | I29: GFF006R | J29: 0 | K29: VSRM50G | L29: VSR50G | N29: 1026 | O29: Vegetable Spring Roll Medium 50G | P29: 50 | Q29: Live | R29: 900 | T29: =VLOOKUP(N29,('Master File'!$I$3:$I$220),1,FALSE) -> 1026
A30: =A29+1 -> 28 | B30: GAZ|025 | C30: GAZEBO | D30: Snacks | E30: Duck Spring roll's | F30: Produced | G30: Regular | H30: Duck Spring roll | I30: GFF008R | K30: MDSRM50G | L30: DSR50G | N30: 1027 | O30: Duck Spring Roll Medium 50G | P30: 50 | Q30: Live | R30: 750 | T30: =VLOOKUP(N30,('Master File'!$I$3:$I$220),1,FALSE) -> 1027
A31: =A30+1 -> 29 | B31: GAZ|026 | C31: GAZEBO | D31: Snacks | E31: Onion Bhaji's | F31: Produced | G31: Regular | H31: Onion Bhaji | I31: GFF009-1R | K31: OBL100G | L31: OB100G | N31: 1028 | O31: Onion Bhaji Large 100G | P31: 100 | Q31: Live | R31: 450 | T31: =VLOOKUP(N31,('Master File'!$I$3:$I$220),1,FALSE) -> 1028
A32: =A31+1 -> 30 | B32: GAZ|027 | C32: GAZEBO | D32: Snacks | E32: Onion Bhaji's | F32: Produced | G32: Regular | H32: Onion Rings | K32: ORKG | L32: ORKG | N32: 1029 | O32: Onion Rings KG | P32: Var | Q32: Live | T32: =VLOOKUP(N32,('Master File'!$I$3:$I$220),1,FALSE) -> 1029
A33: =A32+1 -> 31 | B33: GAZ|028 | C33: GAZEBO | D33: Snacks | E33: Onion Bhaji's | F33: Produced | G33: Regular | H33: Shredded Onion Bhaji | I33: tbc | K33: SOBKG | L33: SOBKJ | N33: 1030 | O33: Shredded Onion Bhaji KG | P33: Var | Q33: Live | T33: =VLOOKUP(N33,('Master File'!$I$3:$I$220),1,FALSE) -> 1030
A34: =A33+1 -> 32 | B34: GAZ|029 | C34: GAZEBO | D34: Snacks | E34: Onion Bhaji's | F34: Produced | G34: Regular | H34: Spinach Bhaji | I34: GFF010-1R | K34: SBC30G | L34: SB30G | N34: 1031 | O34: Spinach Bhaji Cocktail 30G | P34: 30 | Q34: Live | R34: 550 | T34: =VLOOKUP(N34,('Master File'!$I$3:$I$220),1,FALSE) -> 1031
A35: =A34+1 -> 33 | B35: GAZ|030 | C35: GAZEBO | D35: Snacks | E35: Onion Bhaji's | F35: Produced | G35: Regular | H35: Spinach Bhaji | I35: GFF010-1R | K35: SBL100G | L35: SB100G | N35: 1032 | O35: Spinach Bhaji Large 100G | P35: 100 | Q35: Live | R35: 150 | T35: =VLOOKUP(N35,('Master File'!$I$3:$I$220),1,FALSE) -> 1032
A36: =A35+1 -> 34 | B36: GAZ|031 | C36: GAZEBO | D36: Snacks | E36: Onion Bhaji's | F36: Produced | G36: Regular | H36: Carrot Bhaji | I36: GFF032R | K36: C& OOnion BBhajis 20G | L36: COB20G | N36: 1033 | O36: Carrot & Onion Bhajis 20G | P36: 20 | Q36: Live | R36: 750 | T36: =VLOOKUP(N36,('Master File'!$I$3:$I$220),1,FALSE) -> 1033
A37: =A36+1 -> 35 | B37: GAZ|032 | C37: GAZEBO | D37: Snacks | E37: Onion Bhaji's | F37: Produced | G37: Regular | H37: Potato & Spinach Bhaji | I37: GFF037R | K37: P& SSpinach BBhaji 20G | L37: PSB20G | N37: 1034 | O37: Potato & Spinach Bhaji 20G | P37: 20 | Q37: Live | R37: 750 | T37: =VLOOKUP(N37,('Master File'!$I$3:$I$220),1,FALSE) -> 1034
A38: =A37+1 -> 36 | B38: GAZ|033 | C38: GAZEBO | D38: Snacks | E38: Onion Bhaji's | F38: Produced | G38: Regular | H38: Coconut & Coriander Bhaji | I38: tbc | K38: C& CCoriander BBhaji 20G | L38: CCB20G | N38: 1035 | O38: Coconut & Coriander Bhaji 20G | P38: 20 | Q38: Live | R38: TBC | T38: =VLOOKUP(N38,('Master File'!$I$3:$I$220),1,FALSE) -> 1035
A39: =A38+1 -> 37 | B39: GAZ|034 | C39: GAZEBO | D39: Snacks | E39: Pakora's | F39: Produced | G39: Regular | H39: Chicken Pakora | I39: GFF014R | K39: CPC | L39: CPCOCG | N39: 1036 | O39: Chicken Pakora Cocktail | P39: Var | Q39: Live | R39: 30 | T39: =VLOOKUP(N39,('Master File'!$I$3:$I$220),1,FALSE) -> 1036
A40: =A39+1 -> 38 | B40: GAZ|035 | C40: GAZEBO | D40: Snacks | E40: Pakora's | F40: Produced | G40: Regular | H40: Vegetable Pakora | I40: GFF013-3R | K40: VPB12G | L40: VP12G | N40: 1037 | O40: Vegetable Pakora Bite 12G | P40: 12 | Q40: Live | R40: 1600 | T40: =VLOOKUP(N40,('Master File'!$I$3:$I$220),1,FALSE) -> 1037
A41: =A40+1 -> 39 | B41: GAZ|036 | C41: GAZEBO | D41: Snacks | E41: Pakora's | F41: Produced | G41: Regular | H41: Vegetable Pakora | I41: GFF013-2R | K41: VPC30G | L41: VP30G | N41: 1038 | O41: Vegetable Pakora Cocktail 30G | P41: 30 | Q41: Live | R41: 1200 | T41: =VLOOKUP(N41,('Master File'!$I$3:$I$220),1,FALSE) -> 1038
A42: =A41+1 -> 40 | B42: GAZ|037 | C42: GAZEBO | D42: Snacks | E42: Pakora's | F42: Produced | G42: Regular | H42: Vegetable Pakora | I42: GFF013-1R | K42: VPL100G | L42: VP100G | N42: 1039 | O42: Vegetable Pakora Large 100G | P42: 100 | Q42: Live | R42: 200 | T42: =VLOOKUP(N42,('Master File'!$I$3:$I$220),1,FALSE) -> 1039
A43: =A42+1 -> 41 | B43: GAZ|038 | C43: GAZEBO | D43: Snacks | E43: Others | F43: Produced | G43: Occasional | H43: Falafels | K43: F | L43: FAL20G | N43: 1040 | O43: Falafels 20G | P43: 20 | Q43: Discontinued | R43: 450 | T43: =VLOOKUP(N43,('Master File'!$I$3:$I$220),1,FALSE) -> 1040
A44: =A43+1 -> 42 | B44: GAZ|039 | C44: GAZEBO | D44: Snacks | E44: Wraps | F44: Produced | G44: Regular | H44: Lamb Mediterranean Rolls | I44: GFF045R | K44: LMR120G | L44: LMR120G | N44: 1041 | O44: Lamb Medditerranean Rolls 120G | P44: 120 | Q44: Live | R44: 225 | T44: =VLOOKUP(N44,('Master File'!$I$3:$I$220),1,FALSE) -> 1041
A45: =A44+1 -> 43 | B45: GAZ|040 | C45: GAZEBO | D45: Snacks | E45: Wraps | F45: Produced | G45: Regular | H45: Chicken Mediterranean Rolls | I45: GFF044R | K45: CMR120G | L45: CMR120G | N45: 1042 | O45: Chicken Medditerranean Rolls 120G | P45: 120 | Q45: Live | R45: 225 | T45: =VLOOKUP(N45,('Master File'!$I$3:$I$220),1,FALSE) -> 1042
A46: =A45+1 -> 44 | B46: GAZ|041 | C46: GAZEBO | D46: Snacks | E46: Others | F46: Produced | G46: Regular | H46: Mexican Vegetable Burger | I46: GFF024R | K46: MVB100G | L46: MVB100G | N46: 1043 | O46: Mexican Vegetable Burger 100G | P46: 100 | Q46: Holt | R46: 750 | T46: =VLOOKUP(N46,('Master File'!$I$3:$I$220),1,FALSE) -> #N/A
A47: =A46+1 -> 45 | B47: GAZ|042 | C47: GAZEBO | D47: Ready Meals | E47: Indian Meals | F47: Produced | G47: Regular | H47: Pilau Rice | I47: GFF091R | K47: PR | L47: PILRI | M47: GZRM001 | N47: 1044 | O47: Pilau Rice | Q47: Live | T47: =VLOOKUP(N47,('Master File'!$I$3:$I$220),1,FALSE) -> 1044
A48: =A47+1 -> 46 | B48: GAZ|043 | C48: GAZEBO | D48: Ready Meals | E48: Indian Meals | F48: Produced | G48: Regular | H48: Tikka Masala | I48: GFF092R | K48: TMS | L48: TIKSAU | M48: GZRM002 | N48: 1045 | O48: Tikka Masala Sauce | Q48: Live | T48: =VLOOKUP(N48,('Master File'!$I$3:$I$220),1,FALSE) -> 1045
A49: =A48+1 -> 47 | B49: GAZ|044 | C49: GAZEBO | D49: Ready Meals | E49: Indian Meals | F49: Produced | G49: Regular | H49: Korma Sauce | I49: GFF093R | K49: KS | L49: KORSAU | M49: GZRM003 | N49: 1046 | O49: Korma Sauce | Q49: Live | T49: =VLOOKUP(N49,('Master File'!$I$3:$I$220),1,FALSE) -> 1046
A50: =A49+1 -> 48 | B50: GAZ|045 | C50: GAZEBO | D50: Ready Meals | E50: Indian Meals | F50: Produced | G50: Regular | H50: Jalfrezi Sauce | I50: GFF095R | K50: JS | L50: JALSAU | M50: GZRM004 | N50: 1047 | O50: Jalfrezi Sauce | Q50: Live | T50: =VLOOKUP(N50,('Master File'!$I$3:$I$220),1,FALSE) -> 1047
A51: =A50+1 -> 49 | B51: GAZ|046 | C51: GAZEBO | D51: Ready Meals | E51: Indian Meals | F51: Produced | G51: Regular | H51: Roganjosh Sauce | I51: GFF094R | K51: RS | L51: ROGSAU | M51: GZRM005 | N51: 1048 | O51: Roganjosh Sauce | Q51: Live | T51: =VLOOKUP(N51,('Master File'!$I$3:$I$220),1,FALSE) -> 1048
A52: =A51+1 -> 50 | B52: GAZ|047 | C52: GAZEBO | D52: Ready Meals | E52: Indian Meals | F52: Produced | G52: Regular | H52: Balti Sauce | I52: GFF051R | K52: BS | L52: BALSAU | M52: GZRM006 | N52: 1049 | O52: Balti Sauce | Q52: Live | T52: =VLOOKUP(N52,('Master File'!$I$3:$I$220),1,FALSE) -> 1049
A53: =A52+1 -> 51 | B53: GAZ|048 | C53: GAZEBO | D53: Ready Meals | E53: Indian Meals | F53: Produced | G53: Regular | H53: Dopiazza Sauce | I53: GFF073R | K53: DS | L53: DOPSAU | M53: GZRM007 | N53: 1050 | O53: Dopiazza Sauce | Q53: Live | T53: =VLOOKUP(N53,('Master File'!$I$3:$I$220),1,FALSE) -> 1050
A54: =A53+1 -> 52 | B54: GAZ|049 | C54: GAZEBO | D54: Ready Meals | E54: Indian Meals | F54: Produced | G54: Regular | H54: Madras Sauce | I54: GFF101R | K54: MS | L54: MADSAU | M54: GZRM008 | N54: 1051 | O54: Madras Sauce | Q54: Live | T54: =VLOOKUP(N54,('Master File'!$I$3:$I$220),1,FALSE) -> 1051
A55: =A54+1 -> 53 | B55: GAZ|050 | C55: GAZEBO | D55: Ready Meals | E55: Indian Meals | F55: Produced | G55: Regular | H55: Bombay Potato | I55: GFF100R | K55: BP | L55: BOMPOTA | M55: GZRM009 | N55: 1052 | O55: Bombay Potato | Q55: Live | T55: =VLOOKUP(N55,('Master File'!$I$3:$I$220),1,FALSE) -> 1052
A56: =A55+1 -> 54 | B56: GAZ|051 | C56: GAZEBO | D56: Ready Meals | E56: Indian Meals | F56: Produced | G56: Regular | H56: Vegetable Curry | I56: GFF108R | K56: VC | L56: VEGCUR | M56: GZRM010 | N56: 1053 | O56: Vegetable Curry | Q56: Live | T56: =VLOOKUP(N56,('Master File'!$I$3:$I$220),1,FALSE) -> 1053
A57: =A56+1 -> 55 | B57: GAZ|052 | C57: GAZEBO | D57: Ready Meals | E57: Oriental Meals | F57: Produced | G57: Regular | H57: Vegetable Fried | I57: GFF090R | K57: VFR | L57: VEGRI | M57: GZRM011 | N57: 1054 | O57: Vegetable Fried Rice | Q57: Live | T57: =VLOOKUP(N57,('Master File'!$I$3:$I$220),1,FALSE) -> 1054
A58: =A57+1 -> 56 | B58: GAZ|053 | C58: GAZEBO | D58: Ready Meals | E58: Oriental Meals | F58: Produced | G58: Regular | H58: Egg Fried Rice | I58: GFF067R | K58: EFR | L58: EGGRI | M58: GZRM012 | N58: 1055 | O58: Egg Fried Rice | Q58: Discontinued | T58: =VLOOKUP(N58,('Master File'!$I$3:$I$220),1,FALSE) -> #N/A
... A65: =A64+1 -> 63 | B65: GAZ|060 | C65: GAZEBO | D65: Ready Meals | E65: Oriental Meals | F65: Produced | G65: Regular | H65: Jasmine Rice | I65: GFF072R | K65: JR | L65: JASRI | M65: GZRM019 | N65: 1062 | O65: Jasmine Rice | Q65: Live | T65: =VLOOKUP(N65,('Master File'!$I$3:$I$220),1,FALSE) -> 1062
A66: =A65+1 -> 64 | B66: GAZ|061 | C66: GAZEBO | D66: Ready Meals | E66: Oriental Meals | F66: Produced | G66: Regular | H66: Shredded Duck | K66: SD | L66: SHRDU | M66: GZRM020 | N66: 1063 | O66: Shredded Duck | Q66: Live | T66: =VLOOKUP(N66,('Master File'!$I$3:$I$220),1,FALSE) -> 1063
A67: =A66+1 -> 65 | B67: GAZ|062 | C67: GAZEBO | D67: Ready Meals | E67: Oriental Meals | F67: Produced | G67: Regular | H67: Half Duck | K67: HD | L67: HALDU | M67: GZRM021 | N67: 1064 | O67: Half Duck | Q67: Discontinued | T67: =VLOOKUP(N67,('Master File'!$I$3:$I$220),1,FALSE) -> #N/A
A68: =A67+1 -> 66 | B68: GAZ|063 | C68: GAZEBO | D68: Ready Meals | E68: Mexican Meals | F68: Produced | G68: Regular | H68: Chicken Fajita | I68: GFF096R | K68: CF | L68: CHIFAJI | M68: GZRM022 | N68: 1065 | O68: Chicken Fajita | Q68: Live | T68: =VLOOKUP(N68,('Master File'!$I$3:$I$220),1,FALSE) -> 1065
A69: =A68+1 -> 67 | B69: GAZ|064 | C69: GAZEBO | D69: Ready Meals | E69: Mexican Meals | F69: Produced | G69: Regular | H69: Enchilada Sauce | I69: GFF098R | K69: ES | L69: ENCSAU | M69: GZRM023 | N69: 1066 | O69: Enchilada Sauce | Q69: Live | T69: =VLOOKUP(N69,('Master File'!$I$3:$I$220),1,FALSE) -> 1066
A70: =A69+1 -> 68 | B70: GAZ|065 | C70: GAZEBO | D70: Ready Meals | E70: Mexican Meals | F70: Produced | G70: Regular | H70: Chicken Enchilada | I70: GFF099R | K70: CE | L70: CHIENCHILA | M70: GZRM024 | N70: 1067 | O70: Chicken Enchilada | Q70: Live | T70: =VLOOKUP(N70,('Master File'!$I$3:$I$220),1,FALSE) -> 1067
A71: =A70+1 -> 69 | B71: GAZ|066 | C71: GAZEBO | D71: Ready Meals | E71: Italian Meals | F71: Produced | G71: Regular | H71: Arrabiata Sauce | I71: GFF097R | K71: AS | L71: ARRSAU | M71: GZRM025 | N71: 1068 | O71: Arrabiata Sauce | Q71: Live | T71: =VLOOKUP(N71,('Master File'!$I$3:$I$220),1,FALSE) -> 1068
A72: =A71+1 -> 70 | B72: GAZ|067 | C72: GAZEBO | D72: Ready Meals | E72: Italian Meals | F72: Produced | G72: Regular | H72: Mushroom Sauce | I72: GFF088R | K72: MS | L72: MUSSAU | M72: GZRM026 | N72: 1069 | O72: Mushroom Sauce | Q72: Live | T72: =VLOOKUP(N72,('Master File'!$I$3:$I$220),1,FALSE) -> 1069
A73: =A72+1 -> 71 | B73: GAZ|068 | C73: GAZEBO | E73: Others | F73: Produced | G73: Regular | H73: Cheese & Onion Loaded Potato Skins | I73: GFF017-1R | K73: C& OOnion LLoaded PPotato S | L73: COPS | N73: 1070 | O73: Cheese & Onion Loaded Potato Skins | P73: 90 | Q73: Live | R73: 300 | T73: =VLOOKUP(N73,('Master File'!$I$3:$I$220),1,FALSE) -> 1070
A74: =A73+1 -> 72 | B74: GAZ|069 | C74: GAZEBO | E74: Others | F74: Produced | G74: Occasional | H74: Brie De Meaux & Cranberry Tartlets | K74: BDM& CCranberry BBaskets 16G | L74: BDMCT16G | N74: 1071 | O74: Brie De Meaux & Cranberry Tartlets 16G | P74: 16 | Q74: Live | T74: =VLOOKUP(N74,('Master File'!$I$3:$I$220),1,FALSE) -> 1071
A75: =A74+1 -> 73 | B75: GAZ|070 | C75: GAZEBO | E75: Kebabs | F75: Produced | G75: Occasional | H75: Chicken Tikka | K75: CT18G | L75: CHKTIK20G | N75: 1072 | O75: Chicken Tikka 18 - 20G | P75: 20 | Q75: Live | T75: =VLOOKUP(N75,('Master File'!$I$3:$I$220),1,FALSE) -> 1072
A76: =A75+1 -> 74 | B76: GAZ|071 | C76: GAZEBO | E76: Kebabs | F76: Produced | G76: Occasional | H76: Chicken Tandoori | K76: CT18G | L76: CHKTAN20G | N76: 1073 | O76: Chicken Tandoori 18 - 20G | P76: 20 | Q76: Live | T76: =VLOOKUP(N76,('Master File'!$I$3:$I$220),1,FALSE) -> 1073
A77: =A76+1 -> 75 | B77: GAZ|072 | C77: GAZEBO | E77: Kebabs | F77: Produced | G77: Occasional | H77: Chicken Korma | K77: CK18G | L77: CHKKOR20G | N77: 1074 | O77: Chicken Korma 18 - 20G | P77: 20 | Q77: Live | T77: =VLOOKUP(N77,('Master File'!$I$3:$I$220),1,FALSE) -> 1074
A78: =A77+1 -> 76 | B78: GAZ|073 | C78: GAZEBO | E78: Kebabs | F78: Produced | G78: Occasional | H78: Chicken Tikka | K78: CT20G | N78: 1075 | O78: Chicken Tikka 20G | P78: 20 | Q78: Discontinued | T78: =VLOOKUP(N78,('Master File'!$I$3:$I$220),1,FALSE) -> #N/A
A79: =A78+1 -> 77 | B79: GAZ|074 | C79: GAZEBO | E79: Others | F79: Produced | G79: Occasional | H79: Lancashire Cheese & Damson Jelly Parcels | K79: LC& DDamson JJelly SSquare PParcels 20G | L79: LCDJQ20G | N79: 1076 | O79: Lancashire Cheese & Damson Jelly Square Parcels 20G | P79: 20 | Q79: Live | T79: =VLOOKUP(N79,('Master File'!$I$3:$I$220),1,FALSE) -> 1076
A80: =A79+1 -> 78 | B80: GAZ|075 | C80: GAZEBO | E80: Others | F80: Produced | G80: Occasional | H80: Thai Fish Lollipop | K80: TFL20G | L80: TFLO20G | N80: 1077 | O80: Thai Fish Lollipop 20G | P80: 20 | Q80: Holt | T80: =VLOOKUP(N80,('Master File'!$I$3:$I$220),1,FALSE) -> #N/A
A81: =A80+1 -> 79 | B81: GAZ|076 | C81: GAZEBO | E81: Others | F81: Produced | G81: Occasional | H81: Green Thai Vegetable Crackers | K81: GTVC20G | L81: GTVC20G | N81: 1078 | O81: Green Thai Vegetable Crackers 20G | P81: 20 | Q81: Holt | T81: =VLOOKUP(N81,('Master File'!$I$3:$I$220),1,FALSE) -> #N/A
A82: =A81+1 -> 80 | B82: GAZ|077 | C82: GAZEBO | E82: Others | F82: Produced | G82: Occasional | H82: Smokked Haddock & Gruyere Cheese | K82: SH& GGruyere CCheese 14G | L82: SHGC14G | N82: 1079 | O82: Smoked Haddock & Gruyere Cheese 14G | P82: 14 | Q82: Holt | T82: =VLOOKUP(N82,('Master File'!$I$3:$I$220),1,FALSE) -> #N/A
A83: =A82+1 -> 81 | B83: GAZ|078 | C83: GAZEBO | E83: Others | F83: Produced | G83: Occasional | H83: Red Onion Marmalade & Goats Cheese | K83: ROM& GGoat CCheese 18G | L83: ROMGC18G | N83: 1080 | O83: Red Onion Marmalade & Goat Cheese Tartlets 18G | P83: 18 | Q83: Live | T83: =VLOOKUP(N83,('Master File'!$I$3:$I$220),1,FALSE) -> 1080
A84: =A83+1 -> 82 | B84: GAZ|079 | C84: GAZEBO | E84: Others | F84: Produced | G84: Occasional | H84: Aegean Tomatoes & Balsamic Vinegar | K84: AT& BBalsamic VVinegar 14G | L84: ATBV14G | N84: 1081 | O84: Aegean Tomatoe's & Balsamic Vinegar 14G | P84: 14 | Q84: Holt | T84: =VLOOKUP(N84,('Master File'!$I$3:$I$220),1,FALSE) -> #N/A
A85: =A84+1 -> 83 | B85: GAZ|080 | C85: GAZEBO | E85: Others | F85: Produced | G85: Occasional | H85: Chicken & Bean Empanada | K85: C& BBean EEmpanada 18G | L85: CBE18G | N85: 1082 | O85: Chicken & Bean Empanada 18G | P85: 18 | Q85: Live | T85: =VLOOKUP(N85,('Master File'!$I$3:$I$220),1,FALSE) -> 1082
A86: =A85+1 -> 84 | B86: GAZ|081 | C86: GAZEBO | E86: Oriental Meals | F86: Produced | G86: Regular | H86: Pan Cake | K86: PC | L86: PANCA | M86: GZRM033 | N86: 1083 | O86: Pan Cake | P86: 0 | Q86: Live | T86: =VLOOKUP(N86,('Master File'!$I$3:$I$220),1,FALSE) -> 1083
A87: =A86+1 -> 85 | B87: GAZ|082 | C87: GAZEBO | E87: Mexican Meals | F87: Produced | G87: Occasional | H87: Bean & Corn Parcel | K87: B& CCorn PParcel 30G | L87: BCP30G | N87: 1084 | O87: Bean & Corn Parcel 30G | P87: 30 | Q87: Live | T87: =VLOOKUP(N87,('Master File'!$I$3:$I$220),1,FALSE) -> 1084
A88: =A87+1 -> 86 | B88: GAZ|083 | C88: GAZEBO | E88: Mexican Meals | F88: Produced | G88: Occasional | H88: Chicken Flauta | K88: CF25G | L88: CHFL25G | N88: 1085 | O88: Chicken Flauta 25G | P88: 25 | Q88: Live | T88: =VLOOKUP(N88,('Master File'!$I$3:$I$220),1,FALSE) -> 1085
A89: =A88+1 -> 87 | B89: IND|001 | C89: INDIA | D89: Snacks | E89: Onion Bhaji's | F89: Out Sourced | G89: Regular | H89: Onion Bhaji | L89: OB12G-IND | N89: 1086 | O89: Onion Bhaji Bite 12G - IND | P89: 12 | Q89: Live | T89: =VLOOKUP(N89,('Master File'!$I$3:$I$220),1,FALSE) -> 1086
A90: =A89+1 -> 88 | B90: IND|002 | C90: INDIA | D90: Snacks | E90: Onion Bhaji's | F90: Out Sourced | G90: Regular | H90: Onion Bhaji | L90: OB30G-IND | N90: 1087 | O90: Onion Bhaji Cocktail 30G - IND | P90: 30 | Q90: Live | T90: =VLOOKUP(N90,('Master File'!$I$3:$I$220),1,FALSE) -> 1087
A91: =A90+1 -> 89 | B91: Thai|001 | C91: Thailand | E91: Others | F91: Out Sourced | G91: X-Mas | H91: Prawn Toast | L91: PRTO10G | N91: 1088 | O91: Prawn Toast 10G | P91: 10 | Q91: Live | T91: =VLOOKUP(N91,('Master File'!$I$3:$I$220),1,FALSE) -> 1088
A92: =A91+1 -> 90 | B92: Thai|002 | C92: Thailand | E92: Others | F92: Out Sourced | G92: X-Mas | H92: Prawn Toast | L92: PRTO15G | N92: 1089 | O92: Prawn Toast 15G | P92: 15 | Q92: Live | T92: =VLOOKUP(N92,('Master File'!$I$3:$I$220),1,FALSE) -> 1089
A93: =A92+1 -> 91 | B93: Thai|003 | C93: Thailand | E93: Others | F93: Out Sourced | G93: X-Mas | H93: Seafood Wontons | L93: SEWO12G | N93: 1090 | O93: Seafood Wontons 12G | P93: 12 | Q93: Discontinued | T93: =VLOOKUP(N93,('Master File'!$I$3:$I$220),1,FALSE) -> #N/A
A94: =A93+1 -> 92 | B94: Thai|004 | C94: Thailand | E94: Duck Spring roll's | F94: Out Sourced | G94: Regular | H94: Duck Spring roll | L94: DSR20G | N94: 1091 | O94: Duck Spring Roll 20G | P94: 20 | Q94: Live | T94: =VLOOKUP(N94,('Master File'!$I$3:$I$220),1,FALSE) -> 1091
A95: =A94+1 -> 93 | B95: Thai|005 | C95: Thailand | E95: Chicken Spring roll's | F95: Out Sourced | G95: Regular | H95: Chicken Spring roll | K95: CSRB20G | L95: CSR20G | N95: 1092 | O95: Chicken Spring Roll 20G | P95: 20 | Q95: Live | T95: =VLOOKUP(N95,('Master File'!$I$3:$I$220),1,FALSE) -> 1092
A96: =A95+1 -> 94 | B96: Thai|006 | C96: Thailand | E96: Others | F96: Out Sourced | G96: Regular | H96: Chicken Green Curry | L96: CGCMB12G | N96: 1093 | O96: Chicken Green Curry Money Bags 12G | P96: 12 | Q96: Live | T96: =VLOOKUP(N96,('Master File'!$I$3:$I$220),1,FALSE) -> 1093
A97: =A96+1 -> 95 | B97: Thai|007 | C97: Thailand | E97: Others | F97: Out Sourced | G97: Regular | H97: Chicken Red Curry | L97: CRCBB12G | N97: 1094 | O97: Chicken Red Curry Bon Bon 12G | P97: 12 | Q97: Live | T97: =VLOOKUP(N97,('Master File'!$I$3:$I$220),1,FALSE) -> 1094
A98: =A97+1 -> 96 | B98: Thai|008 | C98: Thailand | E98: Others | F98: Out Sourced | G98: Regular | H98: Sweet & Sour | L98: SSCW12G | N98: 1095 | O98: Sweet & Sour Chicken Wonton 12G | P98: 12 | Q98: Live | T98: =VLOOKUP(N98,('Master File'!$I$3:$I$220),1,FALSE) -> 1095
A99: =A98+1 -> 97 | B99: Thai|009 | C99: Thailand | E99: Others | F99: Out Sourced | G99: X-Mas | H99: Mango Flavoured Tiger Prawn | L99: MTPR18G | N99: 1096 | O99: Mango Flavoured Tiger Prawns 18G | P99: 18 | Q99: Holt | T99: =VLOOKUP(N99,('Master File'!$I$3:$I$220),1,FALSE) -> #N/A
A100: =A99+1 -> 98 | B100: Thai|010 | C100: Thailand | E100: Others | F100: Out Sourced | G100: X-Mas | H100: Tempura Prawn | L100: TEPR18G | N100: 1097 | O100: Tempura Prawns 18G | P100: 18 | Q100: Holt | T100: =VLOOKUP(N100,('Master File'!$I$3:$I$220),1,FALSE) -> #N/A
A101: =A100+1 -> 99 | B101: Thai|012 | C101: Thailand | E101: Others | F101: Out Sourced | G101: X-Mas | H101: Green Thai Fish Nuggets | L101: GTFN20G | N101: 1098 | O101: Green Thai Fish Nuggets 20G | P101: 20 | Q101: Holt | T101: =VLOOKUP(N101,('Master File'!$I$3:$I$220),1,FALSE) -> #N/A
A102: =A101+1 -> 100 | B102: Thai|013 | C102: Thailand | E102: Chicken Spring roll's | F102: Out Sourced | G102: X-Mas | H102: Chicken Spring roll | K102: CSRC25G | N102: 1099 | O102: Chicken Spring Roll 25G | P102: 25 | Q102: Discontinued | T102: =VLOOKUP(N102,('Master File'!$I$3:$I$220),1,FALSE) -> 1099
A103: =A102+1 -> 101 | B103: Thai|014 | C103: Thailand | E103: Vegetable Spring roll's | F103: Out Sourced | G103: Regular | H103: Vegetable Spring roll | L103: VSR30G-O | N103: 1100 | O103: Vegetable Spring Roll 30G | P103: 30 | Q103: Holt | T103: =VLOOKUP(N103,('Master File'!$I$3:$I$220),1,FALSE) -> 1100
A104: =A103+1 -> 102 | B104: Viet|001 | C104: Vietnam | E104: Others | F104: Out Sourced | G104: X-Mas | H104: Fish Cakes | L104: TFIC20G | N104: 1101 | O104: Thai Fish Cake 20G | P104: 20 | Q104: Live | T104: =VLOOKUP(N104,('Master File'!$I$3:$I$220),1,FALSE) -> 1101
A105: =A104+1 -> 103 | B105: Viet|002 | C105: Vietnam | E105: Others | F105: Out Sourced | G105: X-Mas | H105: Hot & Spicy Coated Torpedo Prawns | L105: HSPR10G | N105: 1102 | O105: Hot & Spicy Coated Prawns 10G | P105: 10 | Q105: Live | T105: =VLOOKUP(N105,('Master File'!$I$3:$I$220),1,FALSE) -> 1102
A106: =A105+1 -> 104 | B106: Viet|003 | C106: Vietnam | E106: Others | F106: Out Sourced | G106: X-Mas | H106: Coconut Coated Torpedo Prawns | L106: CTPR15G | N106: 1103 | O106: Coconut Coated Torpedo Prawns 15G | P106: 15 | Q106: Live | T106: =VLOOKUP(N106,('Master File'!$I$3:$I$220),1,FALSE) -> 1103
...

Sheet Sheet2
A1: Ingredients
A2: Steamed Potatoes | B2: Steamed Potatoes
A3: Steamed Peas | B3: Steamed Peas
A4: Steamed Diced Carrots | B4: Steamed Diced Carrots
A5: Diced Onions | B5: Diced Onions
A6: Tomato Puree | B6: Tomato Puree
A7: Lemon Juice | B7: Lemon Juice
A8: Green Coriander | B8: Green Coriander
A9: Curry Paste (Balti Sauce) | B9: Curry Paste (Balti Sauce)
A10: Salt | B10: Salt
A11: Sugar | B11: Sugar
A12: Cumin Seeds | B12: Cumin Seeds
A13: Chilli Powder | B13: Chilli Powder
... A35: Shredded Carrots | B35: Shredded Carrots
A36: Shredded Cabbage
A37: Sliced onions
A38: Diced peppers red
A39: Diced Green Peppers
A40: Soya sauce
A41: Hot pepper sauce
A42: Ginger puree
A43: Beans-sprouts
A44: Bamboo Shoots
A45: Water Chestnuts
A46: Spring Onions
A47: Green Diced Peppers
... A254: Kasuri Methi

Sheet Sheet3
A2: PRODUCT NAME
A3: ONION PUREE
A4: CHEDDAR CHEESE
A5: 3MM SLICED ONIONS
A6: 10MM DICED ONIONS
A7: 10MM DICED POTATOES
A8: 3 X 3 X20MM SHREDDED CARROTS
A9: 3MM SHREDDED CABBAGE
A10: 10 X 10MM DICED CARROTS
A11: SLICED RED PEPPER
A12: DICED RED PEPPER 20MM
A13: Pepper Red - CP cut
... A48: DRY GOODS
A49: LEMON JUICE | B49: Lemon Juice
A50: SOYA MINCE | B50: Soya Mince
A51: BAMBOO SHOOTS | B51: Bamboo Shoots
A52: WATER CHESTNUTS | B52: Water Chestnuts
A53: WHEAT FLOUR (Victoria) | B53: Wheat Flour (Victoria)
A54: GRAM FLOUR | B54: Gram Flour
A55: TOMATO PUREE | B55: Tomato Puree
A56: POTATO STARCH | B56: Potato Starch
A57: POTATO FLAKES | B57: Potato Flakes
A58: KIDNEY BEANS | B58: Kidney Beans
A59: SESAME SEEDS | B59: Sesame Seeds
A60: SEMOLINA | B60: Semolina
... A64: RICE FLOUR | B64: Rice Flour

Sheet Sheet1
A1: Supplier | B1: Description | C1: Status
A2: 3663 | B2: Peppered Chicken With Basil Pesto | 10G | C2: Live
A3: Dips | B3: Sweet Chilli Dip 40G | C3: Live
A4: Dips | B4: Spicy Tomato Dip 40G | C4: Live
A5: Fountain Frozen | B5: Garlic Breaded Mushrooms | C5: Live
A6: Fresh Olive | B6: Mozzarella Cheese & Sundried Tomato | 10G | C6: Live
A7: Funny Bones | B7: Mango Chilli Dip 40G | C7: Live
A8: Funny Bones | B8: Onion Rings | C8: Live
A9: Gazebo | B9: Onion Bhaji | 12G | C9: Live
A10: Gazebo | B10: Seeded Vegetable Samosas | 25G | C10: Live
A11: Gazebo | B11: Coconut & Coriander Bhaji | 20G | C11: Live
A12: Gazebo | B12: Spinach Pakora | 20G | C12: Live
A13: Gazebo | B13: Chicken Pakora | C13: Live
A14: Gazebo | B14: Red Onion Marmalade & Goat Cheese Tartlets | 18G | C14: Live
... A41: Trangs | B41: Square Prawn Toast | 15G | C41: Live

Sheet Master File
K1: Content Master 12/10/2015
A2: No. | B2: Origin | C2: Recipe Reference | D2: Recipe Name | E2: Category | F2: Sub Category | G2: Out Sourced / Produced ? | H2: Regular /Occasional | I2: Alternative Code | J2: Code | K2: Description | L2: Unit Weight | M2: Vegetarian (Y,N) | N2: Status | O2: One Mix Qty/ Qty Per Batch | P2: Description 2 | Q2: Number Of Person 5 | R2: Number Of Person 4 | S2: Number Of Person 3 | T2: Number Of Person 2 | U2: Number Of Person 1 | V2: No of Units Per Pastry Sheet | W2: Recipe Status On Master Ingredient File | X2: Allergen Name | Y2: Allergen Category | Z2: Date Created
A3: 4 | B3: GAZEBO | C3: GFF038R | D3: Chicken Tikka Samosa | E3: Snacks | F3: Chicken Samosa's | G3: Produced | H3: Regular | I3: 1003 | J3: CTS120G | K3: Chicken Tikka Samosa XL (Jumbo) 120G | L3: 120 | M3: N | N3: Live | O3: 320 | P3: =K3&" - "& C3 -> Chicken Tikka Samosa XL (Jumbo) 120G - GFF038R | Q3: 30 | R3: =($Q3/5)*4 -> 24 | S3: =($Q3/5)*3 -> 18 | T3: =($Q3/5)*2 -> 12 | U3: =($Q3/5)*1 -> 6 | V3: 3 | W3: Available | X3: Wheat, Soya | Y3: 3
A4: 5 | B4: GAZEBO | C4: GFF004R | D4: Chicken Tikka Samosa | E4: Snacks | F4: Chicken Samosa's | G4: Produced | H4: Regular | I4: 1004 | J4: CTS100G | K4: Chicken Tikka Samosa Large 100G | L4: 100 | M4: N | N4: Live | O4: 3100 | P4: =K4&" - "& C4 -> Chicken Tikka Samosa Large 100G - GFF004R | Q4: 25 | R4: =($Q4/5)*4 -> 20 | S4: =($Q4/5)*3 -> 15 | T4: =($Q4/5)*2 -> 10 | U4: =($Q4/5)*1 -> 5 | V4: 3 | W4: Available | X4: Wheat, Soya | Y4: 3
A5: 6 | B5: GAZEBO | C5: GFF004R | D5: Chicken Tikka Samosa | E5: Snacks | F5: Chicken Samosa's | G5: Produced | H5: Regular | I5: 1005 | J5: CTS100GS | K5: Chicken Tikka Samosa Large 100G Seeded | L5: 100 | M5: N | N5: Discontinued | O5: 600 | P5: =K5&" - "& C5 -> Chicken Tikka Samosa Large 100G Seeded - GFF004R | Q5: 15.5 | R5: =($Q5/5)*4 -> 12.4 | S5: =($Q5/5)*3 -> 9.3 | T5: =($Q5/5)*2 -> 6.2 | U5: =($Q5/5)*1 -> 3.1 | V5: 4 | W5: Available | X5: Wheat, Soya | Y5: 3
A6: 7 | B6: GAZEBO | C6: GFF004R | D6: Chicken Tikka Samosa | E6: Snacks | F6: Chicken Samosa's | G6: Produced | H6: Regular | I6: 1006 | J6: CTS75G | K6: Chicken Tikka Samosa Large 75G | L6: 75 | M6: N | N6: Live | O6: 4700 | P6: =K6&" - "& C6 -> Chicken Tikka Samosa Large 75G - GFF004R | Q6: 32 | R6: =($Q6/5)*4 -> 25.6 | S6: =($Q6/5)*3 -> 19.2 | T6: =($Q6/5)*2 -> 12.8 | U6: =($Q6/5)*1 -> 6.4 | V6: 4 | W6: Available | X6: Wheat, Soya | Y6: 3
A7: 8 | B7: GAZEBO | C7: GFF004R | D7: Chicken Tikka Samosa | E7: Snacks | F7: Chicken Samosa's | G7: Produced | H7: Regular | I7: 1007 | J7: CTS40G | K7: Chicken Tikka Samosa Cocktail 40G | L7: 40 | M7: N | N7: Live | O7: 9250 | P7: =K7&" - "& C7 -> Chicken Tikka Samosa Cocktail 40G - GFF004R | Q7: 40 | R7: =($Q7/5)*4 -> 32 | S7: =($Q7/5)*3 -> 24 | T7: =($Q7/5)*2 -> 16 | U7: =($Q7/5)*1 -> 8 | V7: 8 | W7: Available | X7: Wheat, Soya | Y7: 3
A8: 9 | B8: GAZEBO | C8: GFF004R | D8: Chicken Tikka Samosa | E8: Snacks | F8: Chicken Samosa's | G8: Produced | H8: Regular | I8: 1008 | J8: CTS25G | K8: Chicken Tikka Samosa Cocktail 25G | L8: 25 | M8: N | N8: Live | O8: 16500 | P8: =K8&" - "& C8 -> Chicken Tikka Samosa Cocktail 25G - GFF004R | Q8: 42.5 | R8: =($Q8/5)*4 -> 34 | S8: =($Q8/5)*3 -> 25.5 | T8: =($Q8/5)*2 -> 17 | U8: =($Q8/5)*1 -> 8.5 | V8: 8 | W8: Available | X8: Wheat, Soya | Y8: 3
A9: 10 | B9: GAZEBO | C9: GFF106R | D9: Jerk Chicken Samosa | E9: Snacks | F9: Chicken Samosa's | G9: Produced | H9: Regular | I9: 1009 | J9: JCS120G | K9: Jerk Chicken Samosa Large 120G | L9: 120 | M9: N | N9: Discontinued | O9: 225 | P9: =K9&" - "& C9 -> Jerk Chicken Samosa Large 120G - GFF106R | Q9: 10 | R9: =($Q9/5)*4 -> 8 | S9: =($Q9/5)*3 -> 6 | T9: =($Q9/5)*2 -> 4 | U9: =($Q9/5)*1 -> 2 | V9: 3 | W9: Available | X9: - | Y9: -
A10: 11 | B10: GAZEBO | C10: GFF003R | D10: Vegetable Samosa | E10: Snacks | F10: Vegetable Samosa's | G10: Produced | H10: Regular | I10: 1010 | J10: VS100G | K10: Vegetable Samosa Large 100G | L10: 100 | M10: Y | N10: Live | O10: 2320 | P10: =K10&" - "& C10 -> Vegetable Samosa Large 100G - GFF003R | Q10: 27 | R10: =($Q10/5)*4 -> 21.6 | S10: =($Q10/5)*3 -> 16.2 | T10: =($Q10/5)*2 -> 10.8 | U10: =($Q10/5)*1 -> 5.4 | V10: 4 | W10: Available | X10: Wheat | Y10: 3
A11: 12 | B11: GAZEBO | C11: GFF003R | D11: Vegetable Samosa | E11: Snacks | F11: Vegetable Samosa's | G11: Produced | H11: Regular | I11: 1011 | J11: VS100GS | K11: Vegetable Samosa Large 100G Seeded | L11: 100 | M11: Y | N11: Discontinued | O11: 580 | P11: =K11&" - "& C11 -> Vegetable Samosa Large 100G Seeded - GFF003R | Q11: 20 | R11: =($Q11/5)*4 -> 16 | S11: =($Q11/5)*3 -> 12 | T11: =($Q11/5)*2 -> 8 | U11: =($Q11/5)*1 -> 4 | V11: 4 | W11: Available | X11: Wheat | Y11: 3
A12: 13 | B12: GAZEBO | C12: GFF003R | D12: Vegetable Samosa | E12: Snacks | F12: Vegetable Samosa's | G12: Produced | H12: Regular | I12: 1012 | J12: VS25G | K12: Vegetable Samosa Cocktail 25G | L12: 25 | M12: Y | N12: Live | O12: 12400 | P12: =K12&" - "& C12 -> Vegetable Samosa Cocktail 25G - GFF003R | Q12: 35 | R12: =($Q12/5)*4 -> 28 | S12: =($Q12/5)*3 -> 21 | T12: =($Q12/5)*2 -> 14 | U12: =($Q12/5)*1 -> 7 | V12: 8 | W12: Available | X12: Wheat | Y12: 3
A13: 14 | B13: GAZEBO | C13: GFF003R | D13: Vegetable Samosa | E13: Snacks | F13: Vegetable Samosa's | G13: Produced | H13: Occasional | I13: 1013 | J13: VS25GS | K13: Vegetable Samosa Cocktail 25G Seeded | L13: 25 | M13: Y | N13: Live | O13: 12400 | P13: =K13&" - "& C13 -> Vegetable Samosa Cocktail 25G Seeded - GFF003R | Q13: 35 | R13: =($Q13/5)*4 -> 28 | S13: =($Q13/5)*3 -> 21 | T13: =($Q13/5)*2 -> 14 | U13: =($Q13/5)*1 -> 7 | V13: 8 | W13: Available | X13: Wheat | Y13: 3
A14: 16 | B14: GAZEBO | C14: GFF003R | D14: Vegetable Samosa | E14: Snacks | F14: Vegetable Samosa's | G14: Produced | H14: Regular | I14: 1015 | J14: VS40G | K14: Vegetable Samosa Cocktail 40G | L14: 40 | M14: Y | N14: Live | O14: 6600 | P14: =K14&" - "& C14 -> Vegetable Samosa Cocktail 40G - GFF003R | Q14: 35 | R14: =($Q14/5)*4 -> 28 | S14: =($Q14/5)*3 -> 21 | T14: =($Q14/5)*2 -> 14 | U14: =($Q14/5)*1 -> 7 | V14: 8 | W14: Available | X14: Wheat | Y14: 3
A15: 17 | B15: GAZEBO | C15: GFF039R | D15: Vegetable Samosa | E15: Snacks | F15: Vegetable Samosa's | G15: Produced | H15: Regular | I15: 1016 | J15: VS140G | K15: Vegetable Samosa XL (Jumbo) 140G | L15: 140 | M15: Y | N15: Live | O15: 225 | P15: =K15&" - "& C15 -> Vegetable Samosa XL (Jumbo) 140G - GFF039R | Q15: 27 | R15: =($Q15/5)*4 -> 21.6 | S15: =($Q15/5)*3 -> 16.2 | T15: =($Q15/5)*2 -> 10.8 | U15: =($Q15/5)*1 -> 5.4 | V15: 3 | W15: Available | X15: Wheat | Y15: 3
A16: 18 | B16: GAZEBO | C16: GFF005R | D16: Lamb Samosa | E16: Snacks | F16: Lamb Samosa's | G16: Produced | H16: Regular | I16: 1017 | J16: LS100G | K16: Lamb Samosa Large 100G | L16: 100 | M16: N | N16: Live | O16: 2600 | P16: =K16&" - "& C16 -> Lamb Samosa Large 100G - GFF005R | Q16: 27 | R16: =($Q16/5)*4 -> 21.6 | S16: =($Q16/5)*3 -> 16.2 | T16: =($Q16/5)*2 -> 10.8 | U16: =($Q16/5)*1 -> 5.4 | V16: 4 | W16: Available | X16: Soya, Wheat | Y16: 3
A17: 19 | B17: GAZEBO | C17: GFF005R | D17: Lamb Samosa | E17: Snacks | F17: Lamb Samosa's | G17: Produced | H17: Regular | I17: 1018 | J17: LS25G | K17: Lamb Samosa Cocktail 25G | L17: 25 | M17: N | N17: Live | O17: 13500 | P17: =K17&" - "& C17 -> Lamb Samosa Cocktail 25G - GFF005R | Q17: 37.5 | R17: =($Q17/5)*4 -> 30 | S17: =($Q17/5)*3 -> 22.5 | T17: =($Q17/5)*2 -> 15 | U17: =($Q17/5)*1 -> 7.5 | V17: 8 | W17: Available | X17: Soya, Wheat | Y17: 3
A18: 20 | B18: GAZEBO | C18: GFF005R | D18: Lamb Samosa | E18: Snacks | F18: Lamb Samosa's | G18: Produced | H18: Regular | I18: 1019 | J18: LS40G | K18: Lamb Samosa Cocktail 40G | L18: 40 | M18: N | N18: Live | O18: 6400 | P18: =K18&" - "& C18 -> Lamb Samosa Cocktail 40G - GFF005R | Q18: 35 | R18: =($Q18/5)*4 -> 28 | S18: =($Q18/5)*3 -> 21 | T18: =($Q18/5)*2 -> 14 | U18: =($Q18/5)*1 -> 7 | V18: 8 | W18: Available | X18: Soya, Wheat | Y18: 3
A19: 21 | B19: GAZEBO | C19: GFF005R | D19: Lamb Samosa | E19: Snacks | F19: Lamb Samosa's | G19: Produced | H19: Regular | I19: 1020 | J19: LS120G | K19: Lamb Samosa XL (Jumbo) 120G | L19: 120 | M19: N | N19: Live | O19: 2600 | P19: =K19&" - "& C19 -> Lamb Samosa XL (Jumbo) 120G - GFF005R | Q19: 27 | R19: =($Q19/5)*4 -> 21.6 | S19: =($Q19/5)*3 -> 16.2 | T19: =($Q19/5)*2 -> 10.8 | U19: =($Q19/5)*1 -> 5.4 | V19: 3 | W19: Available | X19: Soya, Wheat | Y19: 3
A20: 22 | B20: GAZEBO | C20: GFF005R | D20: Lamb Samosa | E20: Snacks | F20: Lamb Samosa's | G20: Produced | H20: Regular | I20: 1021 | J20: LS75G | K20: Lamb Samosa Large 75G | L20: 75 | M20: N | N20: Live | O20: 4000 | P20: =K20&" - "& C20 -> Lamb Samosa Large 75G - GFF005R | Q20: 27 | R20: =($Q20/5)*4 -> 21.6 | S20: =($Q20/5)*3 -> 16.2 | T20: =($Q20/5)*2 -> 10.8 | U20: =($Q20/5)*1 -> 5.4 | V20: 4 | W20: Available | X20: Soya, Wheat | Y20: 3
A21: 24 | B21: GAZEBO | C21: GFF007R | D21: Chicken Spring roll | E21: Snacks | F21: Chicken Spring roll's | G21: Produced | H21: Regular | I21: 1023 | J21: CSR50G | K21: Chicken Spring Roll Medium 50G | L21: 50 | M21: N | N21: Live | O21: 800 | P21: =K21&" - "& C21 -> Chicken Spring Roll Medium 50G - GFF007R | Q21: 30 | R21: =($Q21/5)*4 -> 24 | S21: =($Q21/5)*3 -> 18 | T21: =($Q21/5)*2 -> 12 | U21: =($Q21/5)*1 -> 6 | V21: 20 | W21: Available | X21: Wheat, Soya, Milk | Y21: 2
A22: 26 | B22: GAZEBO | C22: GFF006R | D22: Vegetable Spring roll | E22: Snacks | F22: Vegetable Spring roll's | G22: Produced | H22: Regular | I22: 1025 | J22: VSR85G | K22: Vegetable Spring Roll Large 85G | L22: 85 | M22: Y | N22: Discontinued | O22: 500 | P22: =K22&" - "& C22 -> Vegetable Spring Roll Large 85G - GFF006R | Q22: 24.2 | R22: =($Q22/5)*4 -> 19.36 | S22: =($Q22/5)*3 -> 14.52 | T22: =($Q22/5)*2 -> 9.68 | U22: =($Q22/5)*1 -> 4.84 | V22: 20 | W22: Available | X22: Wheat, Soya | Y22: 3 | Z22: D-17/08/2020
A23: 27 | B23: GAZEBO | C23: GFF006R | D23: Vegetable Spring roll | E23: Snacks | F23: Vegetable Spring roll's | G23: Produced | H23: Regular | I23: 1026 | J23: VSR50G | K23: Vegetable Spring Roll Medium 50G | L23: 50 | M23: Y | N23: Discontinued | O23: 900 | P23: =K23&" - "& C23 -> Vegetable Spring Roll Medium 50G - GFF006R | Q23: 35 | R23: =($Q23/5)*4 -> 28 | S23: =($Q23/5)*3 -> 21 | T23: =($Q23/5)*2 -> 14 | U23: =($Q23/5)*1 -> 7 | V23: 20 | W23: Available | X23: Wheat, Soya | Y23: 3 | Z23: D-17/08/2020
A24: 28 | B24: GAZEBO | C24: GFF008R | D24: Duck Spring roll | E24: Snacks | F24: Duck Spring roll's | G24: Produced | H24: Regular | I24: 1027 | J24: DSR50G | K24: Duck Spring Roll Medium 50G | L24: 50 | M24: N | N24: Discontinued | O24: 750 | P24: =K24&" - "& C24 -> Duck Spring Roll Medium 50G - GFF008R | Q24: 30 | R24: =($Q24/5)*4 -> 24 | S24: =($Q24/5)*3 -> 18 | T24: =($Q24/5)*2 -> 12 | U24: =($Q24/5)*1 -> 6 | V24: 20 | W24: Available | X24: Wheat, soya | Y24: 3 | Z24: D - 31/01/2024
A25: 29 | B25: GAZEBO | C25: GFF009-1R | D25: Onion Bhaji | E25: Snacks | F25: Onion Bhaji's | G25: Produced | H25: Regular | I25: 1028 | J25: OB100G | K25: Onion Bhaji Large 100G | L25: 100 | M25: Y | N25: Discontinued | O25: 525 | P25: =K25&" - "& C25 -> Onion Bhaji Large 100G - GFF009-1R | Q25: 21 | R25: =($Q25/5)*4 -> 16.8 | S25: =($Q25/5)*3 -> 12.6 | T25: =($Q25/5)*2 -> 8.4 | U25: =($Q25/5)*1 -> 4.2 | V25: 0 | W25: Available | X25: Wheat | Y25: 3
A26: 30 | B26: GAZEBO | C26: tbc | D26: Onion Rings | E26: Snacks | F26: Onion Bhaji's | G26: Produced | H26: Regular | I26: 1029 | J26: ORKG | K26: Onion Rings KG | L26: Var | M26: Y | N26: Discontinued | O26: tbc | P26: =K26&" - "& C26 -> Onion Rings KG - tbc | V26: 0 | W26: Not Available | X26: - | Y26: -
A27: 31 | B27: GAZEBO | C27: tbc | D27: Shredded Onion Bhaji | E27: Snacks | F27: Onion Bhaji's | G27: Produced | H27: Regular | I27: 1030 | J27: SOBKJ | K27: Shredded Onion Bhaji KG | L27: Var | M27: Y | N27: Discontinued | O27: tbc | P27: =K27&" - "& C27 -> Shredded Onion Bhaji KG - tbc | Q27: 60 | R27: 48 | S27: 36 | T27: 24 | U27: 12 | V27: 0 | W27: Not Available | X27: Wheat | Y27: 3
A28: 32 | B28: GAZEBO | C28: GFF010-1R | D28: Spinach Bhaji | E28: Snacks | F28: Onion Bhaji's | G28: Produced | H28: Regular | I28: 1031 | J28: SB30G | K28: Spinach Bhaji Cocktail 30G | L28: 30 | M28: Y | N28: Discontinued | O28: 520 | P28: =K28&" - "& C28 -> Spinach Bhaji Cocktail 30G - GFF010-1R | Q28: 64.63 | R28: 51.7 | S28: 38.5 | T28: 30.8 | U28: 15.4 | V28: 0 | W28: Available | X28: Wheat | Y28: 3 | Z28: D-09/09/2020
A29: 33 | B29: GAZEBO | C29: GFF010-1R | D29: Spinach Bhaji | E29: Snacks | F29: Onion Bhaji's | G29: Produced | H29: Regular | I29: 1032 | J29: SB100G | K29: Spinach Bhaji Large 100G | L29: 100 | M29: Y | N29: Discontinued | O29: 150 | P29: =K29&" - "& C29 -> Spinach Bhaji Large 100G - GFF010-1R | Q29: 38.5 | R29: 30.8 | S29: 23.1 | T29: 15.4 | U29: 7.7 | V29: 0 | W29: Available | X29: Wheat | Y29: 3 | Z29: D-09/09/2020
A30: 34 | B30: GAZEBO | C30: GFF032R | D30: Carrot & Coriander Bhaji | E30: Snacks | F30: Onion Bhaji's | G30: Produced | H30: Regular | I30: 1033 | J30: COB20G | K30: Carrot & Coriander Bhaji 20G | L30: 20 | M30: Y | N30: Discontinued | O30: 532 | P30: =K30&" - "& C30 -> Carrot & Coriander Bhaji 20G - GFF032R | Q30: 55 | R30: 44 | S30: 33 | T30: 22 | U30: 11 | V30: 0 | W30: Available | X30: Wheat | Y30: 3
A31: 35 | B31: GAZEBO | C31: GFF037R | D31: Potato & Spinach Bhaji | E31: Snacks | F31: Onion Bhaji's | G31: Produced | H31: Regular | I31: 1034 | J31: PSB20G | K31: Potato & Spinach Bhaji 20G | L31: 20 | M31: Y | N31: Discontinued | O31: 750 | P31: =K31&" - "& C31 -> Potato & Spinach Bhaji 20G - GFF037R | Q31: 55 | R31: =($Q31/5)*4 -> 44 | S31: =($Q31/5)*3 -> 33 | T31: =($Q31/5)*2 -> 22 | U31: =($Q31/5)*1 -> 11 | V31: 20 | W31: Available | X31: Wheat | Y31: 3
A32: 36 | B32: GAZEBO | C32: GFF172R | D32: Coconut & Coriander Bhaji | E32: Snacks | F32: Onion Bhaji's | G32: Produced | H32: Regular | I32: 1035 | J32: CCB20G | K32: Coconut & Coriander Bhaji 20G | L32: 20 | M32: Y | N32: Discontinued | O32: 900 | P32: =K32&" - "& C32 -> Coconut & Coriander Bhaji 20G - GFF172R | Q32: 55 | R32: 44 | S32: 33 | T32: 22 | U32: 11 | V32: 0 | W32: Available | X32: - | Y32: -
A33: 37 | B33: GAZEBO | C33: GFF014R | D33: Chicken Pakora | E33: Snacks | F33: Pakora's | G33: Produced | H33: Regular | I33: 1036 | J33: CPCOCG | K33: Chicken Pakora Cocktail | L33: Var | M33: N | N33: Discontinued | O33: 30 | P33: =K33&" - "& C33 -> Chicken Pakora Cocktail - GFF014R | Q33: 0 | R33: =($Q33/5)*4 -> 0 | S33: =($Q33/5)*3 -> 0 | T33: =($Q33/5)*2 -> 0 | U33: =($Q33/5)*1 -> 0 | V33: 0 | W33: Available | X33: Barley | Y33: 3
A34: 38 | B34: GAZEBO | C34: GFF013-3R | D34: Vegetable Pakora | E34: Snacks | F34: Pakora's | G34: Produced | H34: Regular | I34: 1037 | J34: VP12G | K34: Vegetable Pakora Bite 12G | L34: 12 | M34: Y | N34: Discontinued | O34: 1600 | P34: =K34&" - "& C34 -> Vegetable Pakora Bite 12G - GFF013-3R | Q34: 100 | R34: 80 | S34: 60 | T34: 40 | U34: 20 | V34: 0 | W34: Available | X34: Wheat | Y34: 3 | Z34: D-26/09/2022
A35: 39 | B35: GAZEBO | C35: GFF013-2R | D35: Vegetable Pakora | E35: Snacks | F35: Pakora's | G35: Produced | H35: Regular | I35: 1038 | J35: VP30G | K35: Vegetable Pakora Cocktail 30G | L35: 30 | M35: Y | N35: Discontinued | O35: 1412 | P35: =K35&" - "& C35 -> Vegetable Pakora Cocktail 30G - GFF013-2R | Q35: 60 | R35: =($Q35/5)*4 -> 48 | S35: =($Q35/5)*3 -> 36 | T35: =($Q35/5)*2 -> 24 | U35: =($Q35/5)*1 -> 12 | V35: 0 | W35: Available | X35: Wheat | Y35: 3 | Z35: D-05/10/2022
A36: 40 | B36: GAZEBO | C36: GFF013-1R | D36: Vegetable Pakora | E36: Snacks | F36: Pakora's | G36: Produced | H36: Regular | I36: 1039 | J36: VP100G | K36: Vegetable Pakora Large 100G | L36: 100 | M36: Y | N36: Discontinued | O36: 200 | P36: =K36&" - "& C36 -> Vegetable Pakora Large 100G - GFF013-1R | Q36: 45 | R36: =($Q36/5)*4 -> 36 | S36: =($Q36/5)*3 -> 27 | T36: =($Q36/5)*2 -> 18 | U36: =($Q36/5)*1 -> 9 | V36: 0 | W36: Available | X36: Wheat | Y36: 3 | Z36: D-05/10/2022
A37: 42 | B37: GAZEBO | C37: GFF045R | D37: Lamb Mediterranean Rolls | E37: Snacks | F37: Wraps | G37: Produced | H37: Regular | I37: 1041 | J37: LMR120G | K37: Lamb Medditerranean Rolls 120G | L37: 120 | M37: N | N37: Discontinued | O37: 225 | P37: =K37&" - "& C37 -> Lamb Medditerranean Rolls 120G - GFF045R | Q37: 4 | R37: 3.2 | S37: 2.4 | T37: 1.6 | U37: 0.8 | V37: 0 | W37: Available | X37: - | Y37: -
A38: 43 | B38: GAZEBO | C38: GFF044R | D38: Chicken Mediterranean Rolls | E38: Snacks | F38: Wraps | G38: Produced | H38: Regular | I38: 1042 | J38: CMR120G | K38: Chicken Medditerranean Rolls 120G | L38: 120 | M38: N | N38: Discontinued | O38: 225 | P38: =K38&" - "& C38 -> Chicken Medditerranean Rolls 120G - GFF044R | Q38: 4 | R38: 3.2 | S38: 2.4 | T38: 1.6 | U38: 0.8 | V38: 20 | W38: Available | X38: - | Y38: -
A39: 135 | B39: GAZEBO | C39: GFF113R | D39: Chicken Spring roll | E39: Snacks | F39: Chicken Spring roll's | G39: Produced | H39: Regular | I39: 1134 | J39: CSR50G1 | K39: Chicken Spring Roll Medium 50G- R1 | L39: 50 | M39: N | N39: Discontinued | O39: 675 | P39: =K39&" - "& C39 -> Chicken Spring Roll Medium 50G- R1 - GFF113R | Q39: 35 | R39: 28 | S39: 21 | T39: 14 | U39: 7 | V39: 20 | W39: Available | X39: Wheat, Soya | Y39: 3 | Z39: D-14/10/2022
A40: 136 | B40: GAZEBO | C40: GFF114R | D40: Vegetable Spring roll | E40: Snacks | F40: Vegetable Spring roll's | G40: Produced | H40: Regular | I40: 1135 | J40: VSR50G1 | K40: Vegetable Spring Roll Medium 50G- R1 | L40: 50 | M40: Y | N40: Live | O40: 3700 | P40: =K40&" - "& C40 -> Vegetable Spring Roll Medium 50G- R1 - GFF114R | Q40: 30 | R40: =($Q40/5)*4 -> 24 | S40: =($Q40/5)*3 -> 18 | T40: =($Q40/5)*2 -> 12 | U40: =($Q40/5)*1 -> 6 | V40: 20 | W40: Available | X40: Wheat, Soya | Y40: 3
A41: 137 | B41: GAZEBO | C41: GFF111R | D41: Vegetable Spring roll | E41: Snacks | F41: Vegetable Spring roll's | G41: Produced | H41: Regular | I41: 1136 | J41: VSR25G1 | K41: Vegetable Spring Roll 25G- R1 | L41: 25 | M41: Y | N41: Discontinued | O41: 1800 | P41: =K41&" - "& C41 -> Vegetable Spring Roll 25G- R1 - GFF111R | Q41: 24 | R41: =($Q41/5)*4 -> 19.2 | S41: =($Q41/5)*3 -> 14.4 | T41: =($Q41/5)*2 -> 9.6 | U41: =($Q41/5)*1 -> 4.8 | V41: 2 | W41: Available | X41: Wheat, Soya | Y41: 3
A42: 138 | B42: GAZEBO | C42: GFF112R | D42: Chicken Spring roll | E42: Snacks | F42: Chicken Spring roll's | G42: Produced | H42: Regular | I42: 1137 | J42: CSR25G1 | K42: Chicken Spring Roll Cocktail 25G- R1 | L42: 25 | M42: N | N42: Discontinued | O42: 1235 | P42: =K42&" - "& C42 -> Chicken Spring Roll Cocktail 25G- R1 - GFF112R | Q42: 20 | R42: =($Q42/5)*4 -> 16 | S42: =($Q42/5)*3 -> 12 | T42: =($Q42/5)*2 -> 8 | U42: =($Q42/5)*1 -> 4 | V42: 2 | W42: Available | X42: Wheat, Soya | Y42: 3
A43: 139 | B43: GAZEBO | C43: GFF110R | D43: Chicken Tikka Samosa | E43: Snacks | F43: Chicken Samosa's | G43: Produced | H43: Regular | I43: 1138 | J43: CTS25G1 | K43: Chicken Tikka Samosa Cocktail 25G R-1 | L43: 25 | M43: N | N43: Discontinued | O43: 3200 | P43: =K43&" - "& C43 -> Chicken Tikka Samosa Cocktail 25G R-1 - GFF110R | Q43: 26 | R43: =($Q43/5)*4 -> 20.8 | S43: =($Q43/5)*3 -> 15.6 | T43: =($Q43/5)*2 -> 10.4 | U43: =($Q43/5)*1 -> 5.2 | V43: 8 | W43: Available | X43: Wheat, Soya | Y43: 3
A44: 140 | B44: GAZEBO | C44: GFF009-1R | D44: Onion Bhaji | E44: Snacks | F44: Onion Bhaji's | G44: Produced | H44: Regular | I44: 1139 | J44: OB30G | K44: Onion Bhaji Cocktail 30G | L44: 30 | M44: Y | N44: Discontinued | O44: 1587 | P44: =K44&" - "& C44 -> Onion Bhaji Cocktail 30G - GFF009-1R | Q44: 60 | R44: =($Q44/5)*4 -> 48 | S44: =($Q44/5)*3 -> 36 | T44: =($Q44/5)*2 -> 24 | U44: =($Q44/5)*1 -> 12 | V44: 0 | W44: Available | X44: Wheat | Y44: 3 | Z44: D-05/10/2022
A45: 45 | B45: GAZEBO | C45: GFF091R | D45: Pilau Rice | E45: Ready Meals | F45: Indian Meals | G45: Produced | H45: Regular | I45: 1044 | J45: =VLOOKUP(A45,('ALL CONTENTS'!$A$3:$M$153),13,FALSE) -> GZRM001 | K45: Pilau Rice | M45: Y | N45: Discontinued | O45: 28 | P45: =K45&" - "& C45 -> Pilau Rice - GFF091R | V45: 0 | W45: Available | X45: - | Y45: -
A46: 46 | B46: GAZEBO | C46: GFF092R | D46: Tikka Masala Sauce | E46: Ready Meals | F46: Indian Meals | G46: Produced | H46: Regular | I46: 1045 | J46: =VLOOKUP(A46,('ALL CONTENTS'!$A$3:$M$153),13,FALSE) -> GZRM002 | K46: Tikka Masala Sauce | M46: N | N46: Discontinued | O46: 60 | P46: =K46&" - "& C46 -> Tikka Masala Sauce - GFF092R | V46: 0 | W46: Available | X46: - | Y46: -
A47: 47 | B47: GAZEBO | C47: GFF093R | D47: Korma Sauce | E47: Ready Meals | F47: Indian Meals | G47: Produced | H47: Regular | I47: 1046 | J47: =VLOOKUP(A47,('ALL CONTENTS'!$A$3:$M$153),13,FALSE) -> GZRM003 | K47: Korma Sauce | M47: N | N47: Discontinued | O47: 60 | P47: =K47&" - "& C47 -> Korma Sauce - GFF093R | V47: 0 | W47: Available | X47: - | Y47: -
A48: 48 | B48: GAZEBO | C48: GFF095R | D48: Jalfrezi Sauce | E48: Ready Meals | F48: Indian Meals | G48: Produced | H48: Regular | I48: 1047 | J48: =VLOOKUP(A48,('ALL CONTENTS'!$A$3:$M$153),13,FALSE) -> GZRM004 | K48: Jalfrezi Sauce | M48: N | N48: Discontinued | O48: 60 | P48: =K48&" - "& C48 -> Jalfrezi Sauce - GFF095R | V48: 0 | W48: Available | X48: - | Y48: -
A49: 49 | B49: GAZEBO | C49: GFF094R | D49: Roganjosh Sauce | E49: Ready Meals | F49: Indian Meals | G49: Produced | H49: Regular | I49: 1048 | J49: =VLOOKUP(A49,('ALL CONTENTS'!$A$3:$M$153),13,FALSE) -> GZRM005 | K49: Roganjosh Sauce | M49: N | N49: Discontinued | O49: 60 | P49: =K49&" - "& C49 -> Roganjosh Sauce - GFF094R | V49: 0 | W49: Available | X49: - | Y49: -
A50: 50 | B50: GAZEBO | C50: GFF051R | D50: Balti Sauce | E50: Ready Meals | F50: Indian Meals | G50: Produced | H50: Regular | I50: 1049 | J50: =VLOOKUP(A50,('ALL CONTENTS'!$A$3:$M$153),13,FALSE) -> GZRM006 | K50: Balti Sauce | M50: N | N50: Discontinued | O50: 60 | P50: =K50&" - "& C50 -> Balti Sauce - GFF051R | V50: 0 | W50: Available | X50: Milk | Y50: 2
A51: 51 | B51: GAZEBO | C51: GFF073R | D51: Dopiazza Sauce | E51: Ready Meals | F51: Indian Meals | G51: Produced | H51: Regular | I51: 1050 | J51: =VLOOKUP(A51,('ALL CONTENTS'!$A$3:$M$153),13,FALSE) -> GZRM007 | K51: Dopiazza Sauce | M51: N | N51: Discontinued | O51: 60 | P51: =K51&" - "& C51 -> Dopiazza Sauce - GFF073R | V51: 0 | W51: Available | X51: - | Y51: -
A52: 52 | B52: GAZEBO | C52: GFF101R | D52: Madras Sauce | E52: Ready Meals | F52: Indian Meals | G52: Produced | H52: Regular | I52: 1051 | J52: =VLOOKUP(A52,('ALL CONTENTS'!$A$3:$M$153),13,FALSE) -> GZRM008 | K52: Madras Sauce | M52: N | N52: Discontinued | O52: 47 | P52: =K52&" - "& C52 -> Madras Sauce - GFF101R | V52: 0 | W52: Available | X52: - | Y52: -
A53: 53 | B53: GAZEBO | C53: GFF100R | D53: Bombay Potato | E53: Ready Meals | F53: Indian Meals | G53: Produced | H53: Regular | I53: 1052 | J53: =VLOOKUP(A53,('ALL CONTENTS'!$A$3:$M$153),13,FALSE) -> GZRM009 | K53: Bombay Potato | M53: Y | N53: Discontinued | O53: 45 | P53: =K53&" - "& C53 -> Bombay Potato - GFF100R | V53: 0 | W53: Available | X53: - | Y53: -
A54: 54 | B54: GAZEBO | C54: GFF108R | D54: Vegetable Curry | E54: Ready Meals | F54: Indian Meals | G54: Produced | H54: Regular | I54: 1053 | J54: =VLOOKUP(A54,('ALL CONTENTS'!$A$3:$M$153),13,FALSE) -> GZRM010 | K54: Vegetable Curry | M54: Y | N54: Discontinued | O54: 15 | P54: =K54&" - "& C54 -> Vegetable Curry - GFF108R | V54: 0 | W54: Available | X54: Barley | Y54: 3
A55: 55 | B55: GAZEBO | C55: GFF090R | D55: Vegetable Fried Rice | E55: Ready Meals | F55: Oriental Meals | G55: Produced | H55: Regular | I55: 1054 | J55: =VLOOKUP(A55,('ALL CONTENTS'!$A$3:$M$153),13,FALSE) -> GZRM011 | K55: Vegetable Fried Rice | M55: Y | N55: Discontinued | O55: 60 | P55: =K55&" - "& C55 -> Vegetable Fried Rice - GFF090R | V55: 0 | W55: Available | X55: Sesame | Y55: 1 | Z55: D-04/05/2020
A56: 57 | B56: GAZEBO | C56: GFF063R | D56: Chowmein Sauce | E56: Ready Meals | F56: Oriental Meals | G56: Produced | H56: Regular | I56: 1056 | J56: =VLOOKUP(A56,('ALL CONTENTS'!$A$3:$M$153),13,FALSE) -> GZRM013 | K56: Chowmein Sauce | M56: N | N56: Discontinued | O56: 34 | P56: =K56&" - "& C56 -> Chowmein Sauce - GFF063R | V56: 0 | W56: Available | X56: - | Y56: -
A57: 58 | B57: GAZEBO | C57: GFF066R | D57: Stir Fried Vegetables | E57: Ready Meals | F57: Oriental Meals | G57: Produced | H57: Regular | I57: 1057 | J57: =VLOOKUP(A57,('ALL CONTENTS'!$A$3:$M$153),13,FALSE) -> GZRM014 | K57: Stir Fried Vegetables | M57: Y | N57: Discontinued | O57: 34 | P57: =K57&" - "& C57 -> Stir Fried Vegetables - GFF066R | V57: 0 | W57: Available | X57: - | Y57: -
A58: 59 | B58: GAZEBO | C58: GFF068R | D58: Sweet & Sour Sauce | E58: Ready Meals | F58: Oriental Meals | G58: Produced | H58: Regular | I58: 1058 | J58: =VLOOKUP(A58,('ALL CONTENTS'!$A$3:$M$153),13,FALSE) -> GZRM015 | K58: Sweet & Sour Sauce | M58: N | N58: Discontinued | O58: 37 | P58: =K58&" - "& C58 -> Sweet & Sour Sauce - GFF068R | V58: 0 | W58: Available | X58: - | Y58: -
A59: 60 | B59: GAZEBO | C59: GFF069R | D59: Black Bean Sauce | E59: Ready Meals | F59: Oriental Meals | G59: Produced | H59: Regular | I59: 1059 | J59: =VLOOKUP(A59,('ALL CONTENTS'!$A$3:$M$153),13,FALSE) -> GZRM016 | K59: Black Bean Sauce | M59: N | N59: Discontinued | O59: 42 | P59: =K59&" - "& C59 -> Black Bean Sauce - GFF069R | V59: 0 | W59: Available | X59: - | Y59: -
A60: 61 | B60: GAZEBO | C60: GFF070R | D60: Savoury Sauce | E60: Ready Meals | F60: Oriental Meals | G60: Produced | H60: Regular | I60: 1060 | J60: =VLOOKUP(A60,('ALL CONTENTS'!$A$3:$M$153),13,FALSE) -> GZRM017 | K60: Savoury Sauce | M60: N | N60: Discontinued | O60: 47 | P60: =K60&" - "& C60 -> Savoury Sauce - GFF070R | V60: 0 | W60: Available | X60: - | Y60: -
A61: 62 | B61: GAZEBO | C61: GFF071R | D61: Red Thai Curry Sauce | E61: Ready Meals | F61: Oriental Meals | G61: Produced | H61: Regular | I61: 1061 | J61: =VLOOKUP(A61,('ALL CONTENTS'!$A$3:$M$153),13,FALSE) -> GZRM018 | K61: Red Thai Curry Sauce | M61: N | N61: Discontinued | O61: 47 | P61: =K61&" - "& C61 -> Red Thai Curry Sauce - GFF071R | V61: 0 | W61: Available | X61: Fish | Y61: 1
A62: 63 | B62: GAZEBO | C62: GFF072R | D62: Jasmine Rice | E62: Ready Meals | F62: Oriental Meals | G62: Produced | H62: Regular | I62: 1062 | J62: =VLOOKUP(A62,('ALL CONTENTS'!$A$3:$M$153),13,FALSE) -> GZRM019 | K62: Jasmine Rice | M62: Y | N62: Discontinued | O62: 47 | P62: =K62&" - "& C62 -> Jasmine Rice - GFF072R | V62: 0 | W62: Available | X62: - | Y62: -
A63: 64 | B63: GAZEBO | C63: tbc | D63: Shredded Duck | E63: Ready Meals | F63: Oriental Meals | G63: Produced | H63: Regular | I63: 1063 | J63: =VLOOKUP(A63,('ALL CONTENTS'!$A$3:$M$153),13,FALSE) -> GZRM020 | K63: Shredded Duck | L63: 105 | M63: N | N63: Discontinued | O63: tbc | P63: =K63&" - "& C63 -> Shredded Duck - tbc | V63: 0 | W63: Not Available | X63: - | Y63: -
A64: 66 | B64: GAZEBO | C64: GFF096R | D64: Chicken Fajita | E64: Ready Meals | F64: Mexican Meals | G64: Produced | H64: Regular | I64: 1065 | J64: =VLOOKUP(A64,('ALL CONTENTS'!$A$3:$M$153),13,FALSE) -> GZRM022 | K64: Chicken Fajita | M64: N | N64: Discontinued | O64: 60 | P64: =K64&" - "& C64 -> Chicken Fajita - GFF096R | V64: 0 | W64: Available | X64: Barley | Y64: 3
A65: 67 | B65: GAZEBO | C65: GFF098R | D65: Enchilada Sauce | E65: Ready Meals | F65: Mexican Meals | G65: Produced | H65: Regular | I65: 1066 | J65: =VLOOKUP(A65,('ALL CONTENTS'!$A$3:$M$153),13,FALSE) -> GZRM023 | K65: Enchilada Sauce | M65: N | N65: Discontinued | O65: 55 | P65: =K65&" - "& C65 -> Enchilada Sauce - GFF098R | V65: 0 | W65: Available | X65: Barley, Milk | Y65: 2
A66: 68 | B66: GAZEBO | C66: GFF099R | D66: Chicken Enchilada | E66: Ready Meals | F66: Mexican Meals | G66: Produced | H66: Regular | I66: 1067 | J66: =VLOOKUP(A66,('ALL CONTENTS'!$A$3:$M$153),13,FALSE) -> GZRM024 | K66: Chicken Enchilada | M66: N | N66: Discontinued | O66: 55 | P66: =K66&" - "& C66 -> Chicken Enchilada - GFF099R | V66: 0 | W66: Available | X66: Barley | Y66: 3
A67: 69 | B67: GAZEBO | C67: GFF097R | D67: Arrabiata Sauce | E67: Ready Meals | F67: Italian Meals | G67: Produced | H67: Regular | I67: 1068 | J67: =VLOOKUP(A67,('ALL CONTENTS'!$A$3:$M$153),13,FALSE) -> GZRM025 | K67: Arrabiata Sauce | M67: Y | N67: Discontinued | O67: 60 | P67: =K67&" - "& C67 -> Arrabiata Sauce - GFF097R | V67: 0 | W67: Available | X67: Barley | Y67: 3
A68: 70 | B68: GAZEBO | C68: GFF088R | D68: Mushroom Sauce | E68: Ready Meals | F68: Italian Meals | G68: Produced | H68: Regular | I68: 1069 | J68: =VLOOKUP(A68,('ALL CONTENTS'!$A$3:$M$153),13,FALSE) -> GZRM026 | K68: Mushroom Sauce | M68: Y | N68: Discontinued | O68: 60 | P68: =K68&" - "& C68 -> Mushroom Sauce - GFF088R | V68: 0 | W68: Available | X68: Barley, Milk | Y68: 2
A69: 1 | B69: GAZEBO | C69: GFF1000 | D69: Vegetable Samosa Bite 15G | E69: Snacks | F69: Vegetable Samosa's | G69: Out Sourced-F | H69: Regular | I69: 1000 | J69: VS15G | K69: Vegetable Samosa Bite 15G | L69: 15 | M69: Y | N69: Live | O69: 1 | P69: =K69&" - "& C69 -> Vegetable Samosa Bite 15G - GFF1000 | Q69: 0 | R69: 0 | S69: 0 | T69: 0 | U69: 0 | V69: 0 | W69: Available | X69: Wheat | Y69: 3 | Z69: 44830
A70: 2 | B70: China | C70: MAN001-17 | D70: Vegetable Spring roll 15G | E70: Snacks | F70: Vegetable Spring roll's | G70: Out Sourced-F | H70: Regular | I70: 1001 | J70: VSR15G | K70: Vegetable Spring Roll 15G | L70: 15 | M70: Y | N70: Live | O70: 1 | P70: =K70&" - "& C70 -> Vegetable Spring Roll 15G - MAN001-17 | V70: 0 | W70: Available | X70: Wheat, Soya | Y70: 3
A71: 3 | B71: China | C71: None | D71: Vegetable Spring roll | E71: Snacks | F71: Vegetable Spring roll's | G71: Out Sourced | H71: Regular | I71: 1002 | J71: VSR20G | K71: Vegetable Spring Roll 20G | L71: 20 | M71: Y | N71: Discontinued | O71: 1 | P71: =K71&" - "& C71 -> Vegetable Spring Roll 20G - None | V71: 0 | W71: NOT APPLICABLE | X71: Wheat, Soya | Y71: 3
A72: 88 | B72: INDIA | C72: None | D72: Onion Bhaji | E72: Snacks | F72: Onion Bhaji's | G72: Out Sourced | H72: Regular | I72: 1087 | J72: OB30G-IND | K72: Onion Bhaji Cocktail 30G - IND | L72: 30 | M72: Y | N72: Discontinued | O72: 1 | V72: 0 | W72: NOT APPLICABLE | X72: - | Y72: -
A73: 92 | B73: Thailand | C73: MAN001-06 | D73: Duck Spring roll 20G | E73: Snacks | F73: Duck Spring roll's | G73: Out Sourced-F | H73: Regular | I73: 1091 | J73: DSR20G | K73: Duck Spring Roll 20G | L73: 20 | M73: N | N73: Discontinued | O73: 1 | V73: 0 | W73: NOT APPLICABLE | X73: Sesame, Soya, Wheat | Y73: 1
A74: 93 | B74: Thailand | C74: None | D74: Chicken Spring roll | E74: Snacks | F74: Chicken Spring roll's | G74: Out Sourced | H74: Regular | I74: 1092 | J74: CSR20G | K74: Chicken Spring Roll 20G | L74: 20 | M74: N | N74: Discontinued | O74: 1 | P74: =K74&" - "& C74 -> Chicken Spring Roll 20G - None | Q74: 0 | R74: 0 | S74: 0 | T74: 0 | U74: 0 | V74: 0 | W74: NOT APPLICABLE | X74: - | Y74: -
A75: 94 | B75: Thailand | C75: None | D75: Chicken Green Curry | E75: Snacks | F75: Others | G75: Out Sourced | H75: Regular | I75: 1093 | J75: CGCMB12G | K75: Chicken Green Curry Money Bags 12G | L75: 12 | M75: N | N75: Discontinued | O75: 1 | V75: 0 | W75: NOT APPLICABLE | X75: CRUSTACEAN, FISH, SOYA, WHEAT | Y75: 1
A76: 95 | B76: Thailand | C76: None | D76: Chicken Red Curry | E76: Snacks | F76: Others | G76: Out Sourced | H76: Regular | I76: 1094 | J76: CRCBB12G | K76: Chicken Red Curry Bon Bon 12G | L76: 12 | M76: N | N76: Discontinued | O76: 1 | V76: 0 | W76: NOT APPLICABLE | X76: - | Y76: -
A77: 96 | B77: Thailand | C77: None | D77: Sweet & Sour | E77: Snacks | F77: Others | G77: Out Sourced | H77: Regular | I77: 1095 | J77: SSCW12G | K77: Sweet & Sour Chicken Wonton 12G | L77: 12 | M77: N | N77: Discontinued | O77: 1 | V77: 0 | W77: NOT APPLICABLE | X77: - | Y77: -
A78: 101 | B78: Thailand | C78: None | D78: Vegetable Spring roll | E78: Snacks | F78: Vegetable Spring roll's | G78: Out Sourced | H78: Regular | I78: 1100 | J78: VSR30G | K78: Vegetable Spring Roll 30G | L78: 30 | M78: Y | N78: Discontinued | O78: 1 | P78: =K78&" - "& C78 -> Vegetable Spring Roll 30G - None | V78: 0 | W78: NOT APPLICABLE | X78: Wheat, Soya | Y78: 3
A79: 118 | B79: tbc | C79: None | D79: Duck Spring roll | E79: Snacks | F79: Duck Spring roll's | G79: Out Sourced | H79: Regular | I79: 1117 | J79: DSR15G | K79: Duck Spring Roll 15G | L79: 15 | M79: N | N79: Discontinued | O79: 1 | V79: 0 | W79: NOT APPLICABLE | X79: - | Y79: -
A80: 119 | B80: tbc | C80: None | D80: Duck Spring roll | E80: Snacks | F80: Duck Spring roll's | G80: Out Sourced | H80: Regular | I80: 1118 | J80: DSR30G | K80: Duck Spring Roll 30G | L80: 30 | M80: N | N80: Discontinued | O80: 1 | V80: 20 | W80: NOT APPLICABLE | X80: - | Y80: -
A81: 121 | B81: Fountain Frozen | C81: FOU001 | D81: Garlic Breaded Musrooms | E81: Snacks | F81: Others | G81: Out Sourced | H81: Regular | I81: 1120 | J81: GBMUS | K81: Garlic Breaded Mushrooms | L81: 1 | M81: Y | N81: Discontinued | O81: 1 | P81: =K81&" - "& C81 -> Garlic Breaded Mushrooms - FOU001 | V81: 0 | W81: Available | X81: Wheat, Milk, Egg | Y81: 2
A82: 122 | B82: HOPWELL LIMITED | C82: HOP001-02 | D82: Potato Wedges | E82: Snacks | F82: Others | G82: Out Sourced-F | H82: Regular | I82: 1121 | J82: POTWEG | K82: Potato Wedges | L82: Var | M82: Y | N82: Discontinued | O82: 1 | V82: 0 | W82: Available | X82: Wheat | Y82: 3
A83: 141 | B83: GAZEBO | C83: GFF009-2R | D83: Onion Bhaji | E83: Snacks | F83: Onion Bhaji's | G83: Produced | H83: Regular | I83: 1140 | J83: OB12G | K83: Onion Bhaji Bite 12G | L83: 12 | M83: Y | N83: Discontinued | O83: 1100 | P83: =K83&" - "& C83 -> Onion Bhaji Bite 12G - GFF009-2R | Q83: 100 | R83: 80 | S83: 60 | T83: 40 | U83: 20 | V83: 0 | W83: Available | X83: Wheat | Y83: 3 | Z83: D-26/09/2022
A84: 87 | B84: INDIA | C84: None | D84: Onion Bhaji | E84: Snacks | F84: Onion Bhaji's | G84: Out Sourced | H84: Occasional | I84: 1086 | J84: OB12G-IND | K84: Onion Bhaji Bite 12G - IND | L84: 12 | M84: Y | N84: Discontinued | O84: 1 | V84: 0 | W84: NOT APPLICABLE | X84: - | Y84: -
A85: 72 | B85: GAZEBO | C85: GFF173R | D85: Brie De Meaux & Cranberry Tartlets | E85: Snacks | F85: Others | G85: Produced | H85: Occasional | I85: 1071 | J85: BDMCT16G | K85: Brie De Meaux & Cranberry Tartlets 16G | L85: 16 | M85: Y | N85: Discontinued | O85: 2400 | P85: =K85&" - "& C85 -> Brie De Meaux & Cranberry Tartlets 16G - GFF173R | Q85: 25 | R85: =($Q85/5)*4 -> 20 | S85: =($Q85/5)*3 -> 15 | T85: =($Q85/5)*2 -> 10 | U85: =($Q85/5)*1 -> 5 | V85: 0 | W85: Available | X85: - | Y85: -
A86: 73 | B86: GAZEBO | C86: GFF012-4F | D86: Chicken Tikka | E86: Snacks | F86: Kebabs | G86: Produced | H86: Occasional | I86: 1072 | J86: CHKTIK20G | K86: Chicken Tikka 18 - 20G | L86: 20 | M86: N | N86: Discontinued | O86: 1 | P86: =K86&" - "& C86 -> Chicken Tikka 18 - 20G - GFF012-4F | V86: 0 | W86: Not Available | X86: - | Y86: -
A87: 74 | B87: GAZEBO | C87: GFF012-6F | D87: Chicken Tandoori | E87: Snacks | F87: Kebabs | G87: Produced | H87: Occasional | I87: 1073 | J87: CHKTAN20G | K87: Chicken Tandoori 18 - 20G | L87: 20 | M87: N | N87: Discontinued | O87: 1 | P87: =K87&" - "& C87 -> Chicken Tandoori 18 - 20G - GFF012-6F | V87: 0 | W87: Not Available | X87: - | Y87: -
A88: 75 | B88: GAZEBO | C88: GFF012-5F | D88: Chicken Korma | E88: Snacks | F88: Kebabs | G88: Produced | H88: Occasional | I88: 1074 | J88: CHKKOR20G | K88: Chicken Korma 18 - 20G | L88: 20 | M88: N | N88: Discontinued | O88: 1 | P88: =K88&" - "& C88 -> Chicken Korma 18 - 20G - GFF012-5F | V88: 0 | W88: Not Available | X88: - | Y88: -
A89: 77 | B89: GAZEBO | C89: GFF171R | D89: Lancashire Cheese & Damson Jelly Parcels | E89: Snacks | F89: Others | G89: Produced | H89: Occasional | I89: 1076 | J89: LCDJQ20G | K89: Lancashire Cheese & Damson Jelly Square Parcels 20G | L89: 20 | M89: Y | N89: Discontinued | O89: 1260 | P89: =K89&" - "& C89 -> Lancashire Cheese & Damson Jelly Square Parcels 20G - GFF171R | Q89: 12 | R89: =($Q89/5)*4 -> 9.6 | S89: =($Q89/5)*3 -> 7.2 | T89: =($Q89/5)*2 -> 4.8 | U89: =($Q89/5)*1 -> 2.4 | V89: 0 | W89: Not Available | X89: - | Y89: - | Z89: D - 31/01/2024
A90: 81 | B90: GAZEBO | C90: tbc | D90: Red Onion Marmalade & Goats Cheese | E90: Snacks | F90: Others | G90: Produced | H90: Occasional | I90: 1080 | J90: ROMGC18G | K90: Red Onion Marmalade & Goat Cheese 18G | L90: 18 | M90: Y | N90: Discontinued | O90: 1 | P90: =K90&" - "& C90 -> Red Onion Marmalade & Goat Cheese 18G - tbc | V90: 0 | W90: Not Available | X90: - | Y90: -
A91: 83 | B91: GAZEBO | C91: tbc | D91: Chicken & Bean Empanada | E91: Snacks | F91: Others | G91: Produced | H91: Occasional | I91: 1082 | J91: CBE18G | K91: Chicken & Bean Empanada 18G | L91: 18 | M91: Y | N91: Discontinued | O91: 1 | P91: =K91&" - "& C91 -> Chicken & Bean Empanada 18G - tbc | Q91: 10 | R91: =($Q91/5)*4 -> 8 | S91: =($Q91/5)*3 -> 6 | T91: =($Q91/5)*2 -> 4 | U91: =($Q91/5)*1 -> 2 | V91: 0 | W91: Not Available | X91: - | Y91: -
A92: 85 | B92: GAZEBO | C92: GFF251R | D92: Bean & Corn Parcel | E92: Snacks | F92: Mexican Meals | G92: Produced | H92: Occasional | I92: 1084 | J92: BCP30G | K92: Bean & Corn Parcel 30G | L92: 30 | M92: Y | N92: Discontinued | O92: 448 | P92: =K92&" - "& C92 -> Bean & Corn Parcel 30G - GFF251R | Q92: 9 | R92: =($Q92/5)*4 -> 7.2 | S92: =($Q92/5)*3 -> 5.4 | T92: =($Q92/5)*2 -> 3.6 | U92: =($Q92/5)*1 -> 1.8 | V92: 0 | W92: Available | X92: Wheat | Y92: 3 | Z92: 43602
A93: 86 | B93: GAZEBO | C93: GFF249R | D93: Chicken Flauta | E93: Snacks | F93: Mexican Meals | G93: Produced | H93: Occasional | I93: 1085 | J93: CHFL25G | K93: Chicken Flauta 25G | L93: 25 | M93: N | N93: Discontinued | O93: 485 | P93: =K93&" - "& C93 -> Chicken Flauta 25G - GFF249R | Q93: 8 | R93: =($Q93/5)*4 -> 6.4 | S93: =($Q93/5)*3 -> 4.8 | T93: =($Q93/5)*2 -> 3.2 | U93: =($Q93/5)*1 -> 1.6 | V93: 0 | W93: Available | X93: wheat, barley, oat | Y93: 3
A94: 89 | B94: Thailand | C94: None | D94: Prawn Toast | E94: Snacks | F94: Others | G94: Out Sourced | H94: Occasional | I94: 1088 | J94: PRTO10G | K94: Prawn Toast 10G | L94: 10 | M94: N | N94: Discontinued | O94: 1 | V94: 0 | W94: NOT APPLICABLE | X94: - | Y94: -
A95: 90 | B95: Thailand | C95: None | D95: Prawn Toast | E95: Snacks | F95: Others | G95: Out Sourced | H95: Occasional | I95: 1089 | J95: PRTO15G | K95: Prawn Toast 15G | L95: 15 | M95: N | N95: Discontinued | O95: 1 | V95: 0 | W95: NOT APPLICABLE | X95: - | Y95: -
A96: 102 | B96: Vietnam | C96: TRA003-05 | D96: Fish Cakes | E96: Snacks | F96: Others | G96: Out Sourced | H96: Occasional | I96: 1101 | J96: TFIC20G | K96: Thai Fish Cake 20G - TRANGS | L96: 20 | M96: N | N96: Discontinued | O96: 1 | P96: =K96&" - "& C96 -> Thai Fish Cake 20G - TRANGS - TRA003-05 | V96: 0 | W96: NOT APPLICABLE | X96: - | Y96: -
A97: 103 | B97: Vietnam | C97: None | D97: Hot & Spicy Coated Torpedo Prawns | E97: Snacks | F97: Others | G97: Out Sourced | H97: Occasional | I97: 1102 | J97: HSPR10G | K97: Hot & Spicy Coated Prawns 10G | L97: 10 | M97: N | N97: Discontinued | O97: 1 | V97: 0 | W97: NOT APPLICABLE | X97: - | Y97: -
A98: 104 | B98: Vietnam | C98: None | D98: Coconut Coated Torpedo Prawns | E98: Snacks | F98: Others | G98: Out Sourced | H98: Occasional | I98: 1103 | J98: CTPR15G | K98: Coconut Coated Torpedo Prawns 15G | L98: 15 | M98: N | N98: Discontinued | O98: 1 | V98: 0 | W98: NOT APPLICABLE | X98: Barley, Crustacean, Sulphites, Wheat | Y98: 1
A99: 105 | B99: Vietnam | C99: None | D99: Sweet Chilli Prawn Parcels | E99: Snacks | F99: Others | G99: Out Sourced | H99: Occasional | I99: 1104 | J99: SCPRP-20G | K99: Sweet Chilli Prawn & Corriander Parcels 20G | L99: 20 | M99: N | N99: Discontinued | O99: 1 | V99: 0 | W99: NOT APPLICABLE | X99: Crustacean, Mollusc, Soya, Wheat | Y99: 1
A100: 106 | B100: Vietnam | C100: TRA003-02 | D100: Red & White Bouble 18G | E100: Snacks | F100: Others | G100: Out Sourced | H100: Occasional | I100: 1105 | J100: RWBA18G | K100: Red & White Bauble 18G | L100: 18 | M100: N | N100: Live | O100: 1 | V100: 0 | W100: NOT APPLICABLE | X100: - | Y100: -
...

Sheet Changes
A1: Date | B1: Description
A2: 42830 | B2: Mexican Burger Qty Per Batch Changed
A3: 42849 | B3: Added New Products
A4: 42858 | B4: Changed Qty Per Batch for Gff009-1r (30g & 100g) as per sanjays (gm) email
A5: 42867 | B5: Changed Qty Per Batch for Gff009-1r (30g as per sanjays (gm) Call
A6: 42874 | B6: Changed Qty Per Batch For GFF166-R ( 50G as per Sanjay (gm) verbal request
A7: 42894 | B7: Added Chapatiman New Products
A8: 42899 | B8: Changed Chapatiman Recipe Description
A9: 42942 | B9: Changed ob hf gff code to gff009-1r as per sanjays email
A10: 42951 | B10: Added New Contents Freshfayre Pot Meals
A11: 42972 | B11: GFF036R - FALAFAL RECIPE CHANGE OVER AS PER EMAILS FROM QA CHANGED AMOUNT PER BATCH FROM 450 - 390
A12: 42996 | B12: added new contents for whole foods items and ameded 1 item (money bag)
A13: 43024 | B13: Added new content for freshfayre sweet potatos
... A203: 46232 | B203: Added Danora musgrave chicen samosa

Sheet Mater Recipe Sheet
A1: No. | B1: Origin | C1: Recipe Reference | D1: Recipe Name | E1: Category | F1: Sub Category | G1: Out Sourced / Produced ? | H1: Regular /Occasional | I1: Alternative Code | J1: Code | K1: Description | L1: Unit Weight | M1: Vegetarian (Y,N) | N1: Status | O1: One Mix Qty/ Qty Per Batch | P1: PURCHASE CODE | Q1: PURCHASE INGREDIENT NAME | R1: SUPPLIER | S1: INGREDIENTS | T1: DEPARTMENT | U1: AMOUNT PER BATCH | V1: REMARK
A2: 4 | B2: GAZEBO | C2: GFF106R | D2: Chicken Tikka Samosa | E2: Snacks | F2: Chicken Samosa's | G2: Produced | H2: Regular | I2: 1003 | J2: CTS120G | K2: Chicken Tikka Samosa XL (Jumbo) 120G | L2: 120 | M2: N | N2: Live | O2: 320 | P2: - | Q2: - | R2: - | S2: Chicken | T2: PREPARATION | U2: 2640 | V2: -
A3: 4 | B3: GAZEBO | C3: GFF106R | D3: Chicken Tikka Samosa | E3: Snacks | F3: Chicken Samosa's | G3: Produced | H3: Regular | I3: 1003 | J3: CTS120G | K3: Chicken Tikka Samosa XL (Jumbo) 120G | L3: 120 | M3: N | N3: Live | O3: 320 | P3: - | Q3: - | R3: - | S3: Onions | T3: PREPARATION | U3: 2640 | V3: -
A4: 4 | B4: GAZEBO | C4: GFF106R | D4: Chicken Tikka Samosa | E4: Snacks | F4: Chicken Samosa's | G4: Produced | H4: Regular | I4: 1003 | J4: CTS120G | K4: Chicken Tikka Samosa XL (Jumbo) 120G | L4: 120 | M4: N | N4: Live | O4: 320 | P4: - | Q4: - | R4: - | S4: Peas | T4: PREPARATION | U4: 2400 | V4: -
A5: 4 | B5: GAZEBO | C5: GFF106R | D5: Chicken Tikka Samosa | E5: Snacks | F5: Chicken Samosa's | G5: Produced | H5: Regular | I5: 1003 | J5: CTS120G | K5: Chicken Tikka Samosa XL (Jumbo) 120G | L5: 120 | M5: N | N5: Live | O5: 320 | P5: - | Q5: - | R5: - | S5: Soya Mince | T5: PREPARATION | U5: 1600 | V5: -
A6: 4 | B6: GAZEBO | C6: GFF106R | D6: Chicken Tikka Samosa | E6: Snacks | F6: Chicken Samosa's | G6: Produced | H6: Regular | I6: 1003 | J6: CTS120G | K6: Chicken Tikka Samosa XL (Jumbo) 120G | L6: 120 | M6: N | N6: Live | O6: 320 | P6: - | Q6: - | R6: - | S6: Water | T6: PREPARATION | U6: 1330 | V6: -
A7: 4 | B7: GAZEBO | C7: GFF106R | D7: Chicken Tikka Samosa | E7: Snacks | F7: Chicken Samosa's | G7: Produced | H7: Regular | I7: 1003 | J7: CTS120G | K7: Chicken Tikka Samosa XL (Jumbo) 120G | L7: 120 | M7: N | N7: Live | O7: 320 | P7: - | Q7: - | R7: - | S7: Potato | T7: PREPARATION | U7: 1070 | V7: -
A8: 4 | B8: GAZEBO | C8: GFF106R | D8: Chicken Tikka Samosa | E8: Snacks | F8: Chicken Samosa's | G8: Produced | H8: Regular | I8: 1003 | J8: CTS120G | K8: Chicken Tikka Samosa XL (Jumbo) 120G | L8: 120 | M8: N | N8: Live | O8: 320 | P8: - | Q8: - | R8: - | S8: Lemon Juice | T8: PREPARATION | U8: 460 | V8: -
A9: 4 | B9: GAZEBO | C9: GFF106R | D9: Chicken Tikka Samosa | E9: Snacks | F9: Chicken Samosa's | G9: Produced | H9: Regular | I9: 1003 | J9: CTS120G | K9: Chicken Tikka Samosa XL (Jumbo) 120G | L9: 120 | M9: N | N9: Live | O9: 320 | P9: - | Q9: - | R9: - | S9: Tikka Seasoning | T9: SPICE | U9: 270 | V9: -
A10: 4 | B10: GAZEBO | C10: GFF106R | D10: Chicken Tikka Samosa | E10: Snacks | F10: Chicken Samosa's | G10: Produced | H10: Regular | I10: 1003 | J10: CTS120G | K10: Chicken Tikka Samosa XL (Jumbo) 120G | L10: 120 | M10: N | N10: Live | O10: 320 | P10: - | Q10: - | R10: - | S10: Sugar | T10: SPICE | U10: 70 | V10: -
A11: 4 | B11: GAZEBO | C11: GFF106R | D11: Chicken Tikka Samosa | E11: Snacks | F11: Chicken Samosa's | G11: Produced | H11: Regular | I11: 1003 | J11: CTS120G | K11: Chicken Tikka Samosa XL (Jumbo) 120G | L11: 120 | M11: N | N11: Live | O11: 320 | P11: - | Q11: - | R11: - | S11: Whole Cumin | T11: SPICE | U11: 40 | V11: -
A12: 4 | B12: GAZEBO | C12: GFF106R | D12: Chicken Tikka Samosa | E12: Snacks | F12: Chicken Samosa's | G12: Produced | H12: Regular | I12: 1003 | J12: CTS120G | K12: Chicken Tikka Samosa XL (Jumbo) 120G | L12: 120 | M12: N | N12: Live | O12: 320 | P12: - | Q12: - | R12: - | S12: Chilli Powder | T12: SPICE | U12: 40 | V12: -
A13: 4 | B13: GAZEBO | C13: GFF106R | D13: Chicken Tikka Samosa | E13: Snacks | F13: Chicken Samosa's | G13: Produced | H13: Regular | I13: 1003 | J13: CTS120G | K13: Chicken Tikka Samosa XL (Jumbo) 120G | L13: 120 | M13: N | N13: Live | O13: 320 | P13: - | Q13: - | R13: - | S13: Garam Masala | T13: SPICE | U13: 40 | V13: -
A14: 4 | B14: GAZEBO | C14: GFF106R | D14: Chicken Tikka Samosa | E14: Snacks | F14: Chicken Samosa's | G14: Produced | H14: Regular | I14: 1003 | J14: CTS120G | K14: Chicken Tikka Samosa XL (Jumbo) 120G | L14: 120 | M14: N | N14: Live | O14: 320 | P14: - | Q14: - | R14: - | S14: - | T14: - | U14: - | V14: -
A15: 4 | B15: GAZEBO | C15: GFF106R | D15: Chicken Tikka Samosa | E15: Snacks | F15: Chicken Samosa's | G15: Produced | H15: Regular | I15: 1003 | J15: CTS120G | K15: Chicken Tikka Samosa XL (Jumbo) 120G | L15: 120 | M15: N | N15: Live | O15: 320 | P15: - | Q15: - | R15: - | S15: - | T15: - | U15: - | V15: -
A16: 4 | B16: GAZEBO | C16: GFF106R | D16: Chicken Tikka Samosa | E16: Snacks | F16: Chicken Samosa's | G16: Produced | H16: Regular | I16: 1003 | J16: CTS120G | K16: Chicken Tikka Samosa XL (Jumbo) 120G | L16: 120 | M16: N | N16: Live | O16: 320 | P16: - | Q16: - | R16: - | S16: - | T16: - | U16: - | V16: -
A17: 4 | B17: GAZEBO | C17: GFF106R | D17: Chicken Tikka Samosa | E17: Snacks | F17: Chicken Samosa's | G17: Produced | H17: Regular | I17: 1003 | J17: CTS120G | K17: Chicken Tikka Samosa XL (Jumbo) 120G | L17: 120 | M17: N | N17: Live | O17: 320 | P17: - | Q17: - | R17: - | S17: - | T17: - | U17: - | V17: -
A18: 4 | B18: GAZEBO | C18: GFF106R | D18: Chicken Tikka Samosa | E18: Snacks | F18: Chicken Samosa's | G18: Produced | H18: Regular | I18: 1003 | J18: CTS120G | K18: Chicken Tikka Samosa XL (Jumbo) 120G | L18: 120 | M18: N | N18: Live | O18: 320 | P18: - | Q18: - | R18: - | S18: - | T18: - | U18: - | V18: -
A19: 4 | B19: GAZEBO | C19: GFF106R | D19: Chicken Tikka Samosa | E19: Snacks | F19: Chicken Samosa's | G19: Produced | H19: Regular | I19: 1003 | J19: CTS120G | K19: Chicken Tikka Samosa XL (Jumbo) 120G | L19: 120 | M19: N | N19: Live | O19: 320 | P19: - | Q19: - | R19: - | S19: - | T19: - | U19: - | V19: -
A20: 4 | B20: GAZEBO | C20: GFF106R | D20: Chicken Tikka Samosa | E20: Snacks | F20: Chicken Samosa's | G20: Produced | H20: Regular | I20: 1003 | J20: CTS120G | K20: Chicken Tikka Samosa XL (Jumbo) 120G | L20: 120 | M20: N | N20: Live | O20: 320 | P20: - | Q20: - | R20: - | S20: - | T20: - | U20: - | V20: -
A21: 4 | B21: GAZEBO | C21: GFF106R | D21: Chicken Tikka Samosa | E21: Snacks | F21: Chicken Samosa's | G21: Produced | H21: Regular | I21: 1003 | J21: CTS120G | K21: Chicken Tikka Samosa XL (Jumbo) 120G | L21: 120 | M21: N | N21: Live | O21: 320 | P21: - | Q21: - | R21: - | S21: - | T21: - | U21: - | V21: -
A22: 4 | B22: GAZEBO | C22: GFF106R | D22: Chicken Tikka Samosa | E22: Snacks | F22: Chicken Samosa's | G22: Produced | H22: Regular | I22: 1003 | J22: CTS120G | K22: Chicken Tikka Samosa XL (Jumbo) 120G | L22: 120 | M22: N | N22: Live | O22: 320 | P22: - | Q22: - | R22: - | S22: - | T22: - | U22: - | V22: -
A23: - | B23: - | C23: - | D23: - | E23: - | F23: - | G23: - | H23: - | I23: - | J23: - | K23: - | L23: - | M23: - | N23: - | O23: - | P23: - | Q23: - | R23: - | S23: - | T23: - | U23: - | V23: -
A24: 5 | B24: GAZEBO | C24: GFF004R | D24: Chicken Tikka Samosa | E24: Snacks | F24: Chicken Samosa's | G24: Produced | H24: Regular | I24: 1004 | J24: CTS100G | K24: Chicken Tikka Samosa Large 100G | L24: 100 | M24: N | N24: Live | O24: 600 | P24: - | Q24: - | R24: - | S24: Diced Chicken | T24: PREPARATION | U24: 9900 | V24: -
A25: 5 | B25: GAZEBO | C25: GFF004R | D25: Chicken Tikka Samosa | E25: Snacks | F25: Chicken Samosa's | G25: Produced | H25: Regular | I25: 1004 | J25: CTS100G | K25: Chicken Tikka Samosa Large 100G | L25: 100 | M25: N | N25: Live | O25: 600 | P25: - | Q25: - | R25: - | S25: Diced Onions | T25: PREPARATION | U25: 9900 | V25: -
A26: 5 | B26: GAZEBO | C26: GFF004R | D26: Chicken Tikka Samosa | E26: Snacks | F26: Chicken Samosa's | G26: Produced | H26: Regular | I26: 1004 | J26: CTS100G | K26: Chicken Tikka Samosa Large 100G | L26: 100 | M26: N | N26: Live | O26: 600 | P26: - | Q26: - | R26: - | S26: Peas | T26: PREPARATION | U26: 9900 | V26: -
A27: 5 | B27: GAZEBO | C27: GFF004R | D27: Chicken Tikka Samosa | E27: Snacks | F27: Chicken Samosa's | G27: Produced | H27: Regular | I27: 1004 | J27: CTS100G | K27: Chicken Tikka Samosa Large 100G | L27: 100 | M27: N | N27: Live | O27: 600 | P27: - | Q27: - | R27: - | S27: Soya Mince | T27: PREPARATION | U27: 4950 | V27: -
A28: 5 | B28: GAZEBO | C28: GFF004R | D28: Chicken Tikka Samosa | E28: Snacks | F28: Chicken Samosa's | G28: Produced | H28: Regular | I28: 1004 | J28: CTS100G | K28: Chicken Tikka Samosa Large 100G | L28: 100 | M28: N | N28: Live | O28: 600 | P28: - | Q28: - | R28: - | S28: Water | T28: PREPARATION | U28: 3960 | V28: -
A29: 5 | B29: GAZEBO | C29: GFF004R | D29: Chicken Tikka Samosa | E29: Snacks | F29: Chicken Samosa's | G29: Produced | H29: Regular | I29: 1004 | J29: CTS100G | K29: Chicken Tikka Samosa Large 100G | L29: 100 | M29: N | N29: Live | O29: 600 | P29: - | Q29: - | R29: - | S29: Lemon Juice | T29: PREPARATION | U29: 1485 | V29: -
A30: 5 | B30: GAZEBO | C30: GFF004R | D30: Chicken Tikka Samosa | E30: Snacks | F30: Chicken Samosa's | G30: Produced | H30: Regular | I30: 1004 | J30: CTS100G | K30: Chicken Tikka Samosa Large 100G | L30: 100 | M30: N | N30: Live | O30: 600 | P30: - | Q30: - | R30: - | S30: Sugar | T30: SPICE | U30: 240 | V30: -
A31: 5 | B31: GAZEBO | C31: GFF004R | D31: Chicken Tikka Samosa | E31: Snacks | F31: Chicken Samosa's | G31: Produced | H31: Regular | I31: 1004 | J31: CTS100G | K31: Chicken Tikka Samosa Large 100G | L31: 100 | M31: N | N31: Live | O31: 600 | P31: - | Q31: - | R31: - | S31: Whole Cumin | T31: SPICE | U31: 100 | V31: -
A32: 5 | B32: GAZEBO | C32: GFF004R | D32: Chicken Tikka Samosa | E32: Snacks | F32: Chicken Samosa's | G32: Produced | H32: Regular | I32: 1004 | J32: CTS100G | K32: Chicken Tikka Samosa Large 100G | L32: 100 | M32: N | N32: Live | O32: 600 | P32: - | Q32: - | R32: - | S32: Chilli Powder | T32: SPICE | U32: 75 | V32: -
A33: 5 | B33: GAZEBO | C33: GFF004R | D33: Chicken Tikka Samosa | E33: Snacks | F33: Chicken Samosa's | G33: Produced | H33: Regular | I33: 1004 | J33: CTS100G | K33: Chicken Tikka Samosa Large 100G | L33: 100 | M33: N | N33: Live | O33: 600 | P33: - | Q33: - | R33: - | S33: Tikka Seasoning | T33: SPICE | U33: 2180 | V33: -
A34: 5 | B34: GAZEBO | C34: GFF004R | D34: Chicken Tikka Samosa | E34: Snacks | F34: Chicken Samosa's | G34: Produced | H34: Regular | I34: 1004 | J34: CTS100G | K34: Chicken Tikka Samosa Large 100G | L34: 100 | M34: N | N34: Live | O34: 600 | P34: - | Q34: - | R34: - | S34: - | T34: - | U34: - | V34: -
A35: 5 | B35: GAZEBO | C35: GFF004R | D35: Chicken Tikka Samosa | E35: Snacks | F35: Chicken Samosa's | G35: Produced | H35: Regular | I35: 1004 | J35: CTS100G | K35: Chicken Tikka Samosa Large 100G | L35: 100 | M35: N | N35: Live | O35: 600 | P35: - | Q35: - | R35: - | S35: - | T35: - | U35: - | V35: -
A36: 5 | B36: GAZEBO | C36: GFF004R | D36: Chicken Tikka Samosa | E36: Snacks | F36: Chicken Samosa's | G36: Produced | H36: Regular | I36: 1004 | J36: CTS100G | K36: Chicken Tikka Samosa Large 100G | L36: 100 | M36: N | N36: Live | O36: 600 | P36: - | Q36: - | R36: - | S36: - | T36: - | U36: - | V36: -
A37: 5 | B37: GAZEBO | C37: GFF004R | D37: Chicken Tikka Samosa | E37: Snacks | F37: Chicken Samosa's | G37: Produced | H37: Regular | I37: 1004 | J37: CTS100G | K37: Chicken Tikka Samosa Large 100G | L37: 100 | M37: N | N37: Live | O37: 600 | P37: - | Q37: - | R37: - | S37: - | T37: - | U37: - | V37: -
A38: 5 | B38: GAZEBO | C38: GFF004R | D38: Chicken Tikka Samosa | E38: Snacks | F38: Chicken Samosa's | G38: Produced | H38: Regular | I38: 1004 | J38: CTS100G | K38: Chicken Tikka Samosa Large 100G | L38: 100 | M38: N | N38: Live | O38: 600 | P38: - | Q38: - | R38: - | S38: - | T38: - | U38: - | V38: -
A39: 5 | B39: GAZEBO | C39: GFF004R | D39: Chicken Tikka Samosa | E39: Snacks | F39: Chicken Samosa's | G39: Produced | H39: Regular | I39: 1004 | J39: CTS100G | K39: Chicken Tikka Samosa Large 100G | L39: 100 | M39: N | N39: Live | O39: 600 | P39: - | Q39: - | R39: - | S39: - | T39: - | U39: - | V39: -
A40: 5 | B40: GAZEBO | C40: GFF004R | D40: Chicken Tikka Samosa | E40: Snacks | F40: Chicken Samosa's | G40: Produced | H40: Regular | I40: 1004 | J40: CTS100G | K40: Chicken Tikka Samosa Large 100G | L40: 100 | M40: N | N40: Live | O40: 600 | P40: - | Q40: - | R40: - | S40: - | T40: - | U40: - | V40: -
A41: 5 | B41: GAZEBO | C41: GFF004R | D41: Chicken Tikka Samosa | E41: Snacks | F41: Chicken Samosa's | G41: Produced | H41: Regular | I41: 1004 | J41: CTS100G | K41: Chicken Tikka Samosa Large 100G | L41: 100 | M41: N | N41: Live | O41: 600 | P41: - | Q41: - | R41: - | S41: - | T41: - | U41: - | V41: -
A42: 5 | B42: GAZEBO | C42: GFF004R | D42: Chicken Tikka Samosa | E42: Snacks | F42: Chicken Samosa's | G42: Produced | H42: Regular | I42: 1004 | J42: CTS100G | K42: Chicken Tikka Samosa Large 100G | L42: 100 | M42: N | N42: Live | O42: 600 | P42: - | Q42: - | R42: - | S42: - | T42: - | U42: - | V42: -
A43: 5 | B43: GAZEBO | C43: GFF004R | D43: Chicken Tikka Samosa | E43: Snacks | F43: Chicken Samosa's | G43: Produced | H43: Regular | I43: 1004 | J43: CTS100G | K43: Chicken Tikka Samosa Large 100G | L43: 100 | M43: N | N43: Live | O43: 600 | P43: - | Q43: - | R43: - | S43: - | T43: - | U43: - | V43: -
A44: 5 | B44: GAZEBO | C44: GFF004R | D44: Chicken Tikka Samosa | E44: Snacks | F44: Chicken Samosa's | G44: Produced | H44: Regular | I44: 1004 | J44: CTS100G | K44: Chicken Tikka Samosa Large 100G | L44: 100 | M44: N | N44: Live | O44: 600 | P44: - | Q44: - | R44: - | S44: - | T44: - | U44: - | V44: -
A45: - | B45: - | C45: - | D45: - | E45: - | F45: - | G45: - | H45: - | I45: - | J45: - | K45: - | L45: - | M45: - | N45: - | O45: - | P45: - | Q45: - | R45: - | S45: - | T45: - | U45: - | V45: -
A46: 6 | B46: GAZEBO | C46: GFF004R | D46: Chicken Tikka Samosa | E46: Snacks | F46: Chicken Samosa's | G46: Produced | H46: Regular | I46: 1005 | J46: CTS100GS | K46: Chicken Tikka Samosa Large 100G Seeded | L46: 100 | M46: N | N46: Live | O46: 600 | P46: - | Q46: - | R46: - | S46: Diced Chicken | T46: PREPARATION | U46: 9900 | V46: -
A47: 6 | B47: GAZEBO | C47: GFF004R | D47: Chicken Tikka Samosa | E47: Snacks | F47: Chicken Samosa's | G47: Produced | H47: Regular | I47: 1005 | J47: CTS100GS | K47: Chicken Tikka Samosa Large 100G Seeded | L47: 100 | M47: N | N47: Live | O47: 600 | P47: - | Q47: - | R47: - | S47: Diced Onions | T47: PREPARATION | U47: 9900 | V47: -
A48: 6 | B48: GAZEBO | C48: GFF004R | D48: Chicken Tikka Samosa | E48: Snacks | F48: Chicken Samosa's | G48: Produced | H48: Regular | I48: 1005 | J48: CTS100GS | K48: Chicken Tikka Samosa Large 100G Seeded | L48: 100 | M48: N | N48: Live | O48: 600 | P48: - | Q48: - | R48: - | S48: Peas | T48: PREPARATION | U48: 9900 | V48: -
A49: 6 | B49: GAZEBO | C49: GFF004R | D49: Chicken Tikka Samosa | E49: Snacks | F49: Chicken Samosa's | G49: Produced | H49: Regular | I49: 1005 | J49: CTS100GS | K49: Chicken Tikka Samosa Large 100G Seeded | L49: 100 | M49: N | N49: Live | O49: 600 | P49: - | Q49: - | R49: - | S49: Soya Mince | T49: PREPARATION | U49: 4950 | V49: -
A50: 6 | B50: GAZEBO | C50: GFF004R | D50: Chicken Tikka Samosa | E50: Snacks | F50: Chicken Samosa's | G50: Produced | H50: Regular | I50: 1005 | J50: CTS100GS | K50: Chicken Tikka Samosa Large 100G Seeded | L50: 100 | M50: N | N50: Live | O50: 600 | P50: - | Q50: - | R50: - | S50: Water | T50: PREPARATION | U50: 3960 | V50: -
A51: 6 | B51: GAZEBO | C51: GFF004R | D51: Chicken Tikka Samosa | E51: Snacks | F51: Chicken Samosa's | G51: Produced | H51: Regular | I51: 1005 | J51: CTS100GS | K51: Chicken Tikka Samosa Large 100G Seeded | L51: 100 | M51: N | N51: Live | O51: 600 | P51: - | Q51: - | R51: - | S51: Lemon Juice | T51: PREPARATION | U51: 1485 | V51: -
A52: 6 | B52: GAZEBO | C52: GFF004R | D52: Chicken Tikka Samosa | E52: Snacks | F52: Chicken Samosa's | G52: Produced | H52: Regular | I52: 1005 | J52: CTS100GS | K52: Chicken Tikka Samosa Large 100G Seeded | L52: 100 | M52: N | N52: Live | O52: 600 | P52: - | Q52: - | R52: - | S52: Sugar | T52: SPICE | U52: 240 | V52: -
A53: 6 | B53: GAZEBO | C53: GFF004R | D53: Chicken Tikka Samosa | E53: Snacks | F53: Chicken Samosa's | G53: Produced | H53: Regular | I53: 1005 | J53: CTS100GS | K53: Chicken Tikka Samosa Large 100G Seeded | L53: 100 | M53: N | N53: Live | O53: 600 | P53: - | Q53: - | R53: - | S53: Whole Cumin | T53: SPICE | U53: 100 | V53: -
A54: 6 | B54: GAZEBO | C54: GFF004R | D54: Chicken Tikka Samosa | E54: Snacks | F54: Chicken Samosa's | G54: Produced | H54: Regular | I54: 1005 | J54: CTS100GS | K54: Chicken Tikka Samosa Large 100G Seeded | L54: 100 | M54: N | N54: Live | O54: 600 | P54: - | Q54: - | R54: - | S54: Chilli Powder | T54: SPICE | U54: 75 | V54: -
A55: 6 | B55: GAZEBO | C55: GFF004R | D55: Chicken Tikka Samosa | E55: Snacks | F55: Chicken Samosa's | G55: Produced | H55: Regular | I55: 1005 | J55: CTS100GS | K55: Chicken Tikka Samosa Large 100G Seeded | L55: 100 | M55: N | N55: Live | O55: 600 | P55: - | Q55: - | R55: - | S55: Tikka Seasoning | T55: SPICE | U55: 2180 | V55: -
A56: 6 | B56: GAZEBO | C56: GFF004R | D56: Chicken Tikka Samosa | E56: Snacks | F56: Chicken Samosa's | G56: Produced | H56: Regular | I56: 1005 | J56: CTS100GS | K56: Chicken Tikka Samosa Large 100G Seeded | L56: 100 | M56: N | N56: Live | O56: 600 | P56: - | Q56: - | R56: - | S56: - | T56: - | U56: - | V56: -
A57: 6 | B57: GAZEBO | C57: GFF004R | D57: Chicken Tikka Samosa | E57: Snacks | F57: Chicken Samosa's | G57: Produced | H57: Regular | I57: 1005 | J57: CTS100GS | K57: Chicken Tikka Samosa Large 100G Seeded | L57: 100 | M57: N | N57: Live | O57: 600 | P57: - | Q57: - | R57: - | S57: - | T57: - | U57: - | V57: -
A58: 6 | B58: GAZEBO | C58: GFF004R | D58: Chicken Tikka Samosa | E58: Snacks | F58: Chicken Samosa's | G58: Produced | H58: Regular | I58: 1005 | J58: CTS100GS | K58: Chicken Tikka Samosa Large 100G Seeded | L58: 100 | M58: N | N58: Live | O58: 600 | P58: - | Q58: - | R58: - | S58: - | T58: - | U58: - | V58: -
A59: 6 | B59: GAZEBO | C59: GFF004R | D59: Chicken Tikka Samosa | E59: Snacks | F59: Chicken Samosa's | G59: Produced | H59: Regular | I59: 1005 | J59: CTS100GS | K59: Chicken Tikka Samosa Large 100G Seeded | L59: 100 | M59: N | N59: Live | O59: 600 | P59: - | Q59: - | R59: - | S59: - | T59: - | U59: - | V59: -
A60: 6 | B60: GAZEBO | C60: GFF004R | D60: Chicken Tikka Samosa | E60: Snacks | F60: Chicken Samosa's | G60: Produced | H60: Regular | I60: 1005 | J60: CTS100GS | K60: Chicken Tikka Samosa Large 100G Seeded | L60: 100 | M60: N | N60: Live | O60: 600 | P60: - | Q60: - | R60: - | S60: - | T60: - | U60: - | V60: -
A61: 6 | B61: GAZEBO | C61: GFF004R | D61: Chicken Tikka Samosa | E61: Snacks | F61: Chicken Samosa's | G61: Produced | H61: Regular | I61: 1005 | J61: CTS100GS | K61: Chicken Tikka Samosa Large 100G Seeded | L61: 100 | M61: N | N61: Live | O61: 600 | P61: - | Q61: - | R61: - | S61: - | T61: - | U61: - | V61: -
A62: 6 | B62: GAZEBO | C62: GFF004R | D62: Chicken Tikka Samosa | E62: Snacks | F62: Chicken Samosa's | G62: Produced | H62: Regular | I62: 1005 | J62: CTS100GS | K62: Chicken Tikka Samosa Large 100G Seeded | L62: 100 | M62: N | N62: Live | O62: 600 | P62: - | Q62: - | R62: - | S62: - | T62: - | U62: - | V62: -
A63: 6 | B63: GAZEBO | C63: GFF004R | D63: Chicken Tikka Samosa | E63: Snacks | F63: Chicken Samosa's | G63: Produced | H63: Regular | I63: 1005 | J63: CTS100GS | K63: Chicken Tikka Samosa Large 100G Seeded | L63: 100 | M63: N | N63: Live | O63: 600 | P63: - | Q63: - | R63: - | S63: - | T63: - | U63: - | V63: -
A64: 6 | B64: GAZEBO | C64: GFF004R | D64: Chicken Tikka Samosa | E64: Snacks | F64: Chicken Samosa's | G64: Produced | H64: Regular | I64: 1005 | J64: CTS100GS | K64: Chicken Tikka Samosa Large 100G Seeded | L64: 100 | M64: N | N64: Live | O64: 600 | P64: - | Q64: - | R64: - | S64: - | T64: - | U64: - | V64: -
A65: 6 | B65: GAZEBO | C65: GFF004R | D65: Chicken Tikka Samosa | E65: Snacks | F65: Chicken Samosa's | G65: Produced | H65: Regular | I65: 1005 | J65: CTS100GS | K65: Chicken Tikka Samosa Large 100G Seeded | L65: 100 | M65: N | N65: Live | O65: 600 | P65: - | Q65: - | R65: - | S65: - | T65: - | U65: - | V65: -
A66: 6 | B66: GAZEBO | C66: GFF004R | D66: Chicken Tikka Samosa | E66: Snacks | F66: Chicken Samosa's | G66: Produced | H66: Regular | I66: 1005 | J66: CTS100GS | K66: Chicken Tikka Samosa Large 100G Seeded | L66: 100 | M66: N | N66: Live | O66: 600 | P66: - | Q66: - | R66: - | S66: - | T66: - | U66: - | V66: -
A67: - | B67: - | C67: - | D67: - | E67: - | F67: - | G67: - | H67: - | I67: - | J67: - | K67: - | L67: - | M67: - | N67: - | O67: - | P67: - | Q67: - | R67: - | S67: - | T67: - | U67: - | V67: -
A68: 7 | B68: GAZEBO | C68: GFF004R | D68: Chicken Tikka Samosa | E68: Snacks | F68: Chicken Samosa's | G68: Produced | H68: Regular | I68: 1006 | J68: CTS75G | K68: Chicken Tikka Samosa Medium 75G | L68: 75 | M68: N | N68: Live | O68: 920 | P68: - | Q68: - | R68: - | S68: Diced Chicken | T68: PREPARATION | U68: 9900 | V68: -
A69: 7 | B69: GAZEBO | C69: GFF004R | D69: Chicken Tikka Samosa | E69: Snacks | F69: Chicken Samosa's | G69: Produced | H69: Regular | I69: 1006 | J69: CTS75G | K69: Chicken Tikka Samosa Medium 75G | L69: 75 | M69: N | N69: Live | O69: 920 | P69: - | Q69: - | R69: - | S69: Diced Onions | T69: PREPARATION | U69: 9900 | V69: -
A70: 7 | B70: GAZEBO | C70: GFF004R | D70: Chicken Tikka Samosa | E70: Snacks | F70: Chicken Samosa's | G70: Produced | H70: Regular | I70: 1006 | J70: CTS75G | K70: Chicken Tikka Samosa Medium 75G | L70: 75 | M70: N | N70: Live | O70: 920 | P70: - | Q70: - | R70: - | S70: Peas | T70: PREPARATION | U70: 9900 | V70: -
A71: 7 | B71: GAZEBO | C71: GFF004R | D71: Chicken Tikka Samosa | E71: Snacks | F71: Chicken Samosa's | G71: Produced | H71: Regular | I71: 1006 | J71: CTS75G | K71: Chicken Tikka Samosa Medium 75G | L71: 75 | M71: N | N71: Live | O71: 920 | P71: - | Q71: - | R71: - | S71: Soya Mince | T71: PREPARATION | U71: 4950 | V71: -
A72: 7 | B72: GAZEBO | C72: GFF004R | D72: Chicken Tikka Samosa | E72: Snacks | F72: Chicken Samosa's | G72: Produced | H72: Regular | I72: 1006 | J72: CTS75G | K72: Chicken Tikka Samosa Medium 75G | L72: 75 | M72: N | N72: Live | O72: 920 | P72: - | Q72: - | R72: - | S72: Water | T72: PREPARATION | U72: 3960 | V72: -
A73: 7 | B73: GAZEBO | C73: GFF004R | D73: Chicken Tikka Samosa | E73: Snacks | F73: Chicken Samosa's | G73: Produced | H73: Regular | I73: 1006 | J73: CTS75G | K73: Chicken Tikka Samosa Medium 75G | L73: 75 | M73: N | N73: Live | O73: 920 | P73: - | Q73: - | R73: - | S73: Lemon Juice | T73: PREPARATION | U73: 1485 | V73: -
A74: 7 | B74: GAZEBO | C74: GFF004R | D74: Chicken Tikka Samosa | E74: Snacks | F74: Chicken Samosa's | G74: Produced | H74: Regular | I74: 1006 | J74: CTS75G | K74: Chicken Tikka Samosa Medium 75G | L74: 75 | M74: N | N74: Live | O74: 920 | P74: - | Q74: - | R74: - | S74: Sugar | T74: SPICE | U74: 240 | V74: -
A75: 7 | B75: GAZEBO | C75: GFF004R | D75: Chicken Tikka Samosa | E75: Snacks | F75: Chicken Samosa's | G75: Produced | H75: Regular | I75: 1006 | J75: CTS75G | K75: Chicken Tikka Samosa Medium 75G | L75: 75 | M75: N | N75: Live | O75: 920 | P75: - | Q75: - | R75: - | S75: Whole Cumin | T75: SPICE | U75: 100 | V75: -
A76: 7 | B76: GAZEBO | C76: GFF004R | D76: Chicken Tikka Samosa | E76: Snacks | F76: Chicken Samosa's | G76: Produced | H76: Regular | I76: 1006 | J76: CTS75G | K76: Chicken Tikka Samosa Medium 75G | L76: 75 | M76: N | N76: Live | O76: 920 | P76: - | Q76: - | R76: - | S76: Chilli Powder | T76: SPICE | U76: 75 | V76: -
A77: 7 | B77: GAZEBO | C77: GFF004R | D77: Chicken Tikka Samosa | E77: Snacks | F77: Chicken Samosa's | G77: Produced | H77: Regular | I77: 1006 | J77: CTS75G | K77: Chicken Tikka Samosa Medium 75G | L77: 75 | M77: N | N77: Live | O77: 920 | P77: - | Q77: - | R77: - | S77: Tikka Seasoning | T77: SPICE | U77: 2180 | V77: -
A78: 7 | B78: GAZEBO | C78: GFF004R | D78: Chicken Tikka Samosa | E78: Snacks | F78: Chicken Samosa's | G78: Produced | H78: Regular | I78: 1006 | J78: CTS75G | K78: Chicken Tikka Samosa Medium 75G | L78: 75 | M78: N | N78: Live | O78: 920 | P78: - | Q78: - | R78: - | S78: - | T78: - | U78: - | V78: -
A79: 7 | B79: GAZEBO | C79: GFF004R | D79: Chicken Tikka Samosa | E79: Snacks | F79: Chicken Samosa's | G79: Produced | H79: Regular | I79: 1006 | J79: CTS75G | K79: Chicken Tikka Samosa Medium 75G | L79: 75 | M79: N | N79: Live | O79: 920 | P79: - | Q79: - | R79: - | S79: - | T79: - | U79: - | V79: -
A80: 7 | B80: GAZEBO | C80: GFF004R | D80: Chicken Tikka Samosa | E80: Snacks | F80: Chicken Samosa's | G80: Produced | H80: Regular | I80: 1006 | J80: CTS75G | K80: Chicken Tikka Samosa Medium 75G | L80: 75 | M80: N | N80: Live | O80: 920 | P80: - | Q80: - | R80: - | S80: - | T80: - | U80: - | V80: -
A81: 7 | B81: GAZEBO | C81: GFF004R | D81: Chicken Tikka Samosa | E81: Snacks | F81: Chicken Samosa's | G81: Produced | H81: Regular | I81: 1006 | J81: CTS75G | K81: Chicken Tikka Samosa Medium 75G | L81: 75 | M81: N | N81: Live | O81: 920 | P81: - | Q81: - | R81: - | S81: - | T81: - | U81: - | V81: -
A82: 7 | B82: GAZEBO | C82: GFF004R | D82: Chicken Tikka Samosa | E82: Snacks | F82: Chicken Samosa's | G82: Produced | H82: Regular | I82: 1006 | J82: CTS75G | K82: Chicken Tikka Samosa Medium 75G | L82: 75 | M82: N | N82: Live | O82: 920 | P82: - | Q82: - | R82: - | S82: - | T82: - | U82: - | V82: -
A83: 7 | B83: GAZEBO | C83: GFF004R | D83: Chicken Tikka Samosa | E83: Snacks | F83: Chicken Samosa's | G83: Produced | H83: Regular | I83: 1006 | J83: CTS75G | K83: Chicken Tikka Samosa Medium 75G | L83: 75 | M83: N | N83: Live | O83: 920 | P83: - | Q83: - | R83: - | S83: - | T83: - | U83: - | V83: -
A84: 7 | B84: GAZEBO | C84: GFF004R | D84: Chicken Tikka Samosa | E84: Snacks | F84: Chicken Samosa's | G84: Produced | H84: Regular | I84: 1006 | J84: CTS75G | K84: Chicken Tikka Samosa Medium 75G | L84: 75 | M84: N | N84: Live | O84: 920 | P84: - | Q84: - | R84: - | S84: - | T84: - | U84: - | V84: -
A85: 7 | B85: GAZEBO | C85: GFF004R | D85: Chicken Tikka Samosa | E85: Snacks | F85: Chicken Samosa's | G85: Produced | H85: Regular | I85: 1006 | J85: CTS75G | K85: Chicken Tikka Samosa Medium 75G | L85: 75 | M85: N | N85: Live | O85: 920 | P85: - | Q85: - | R85: - | S85: - | T85: - | U85: - | V85: -
A86: 7 | B86: GAZEBO | C86: GFF004R | D86: Chicken Tikka Samosa | E86: Snacks | F86: Chicken Samosa's | G86: Produced | H86: Regular | I86: 1006 | J86: CTS75G | K86: Chicken Tikka Samosa Medium 75G | L86: 75 | M86: N | N86: Live | O86: 920 | P86: - | Q86: - | R86: - | S86: - | T86: - | U86: - | V86: -
A87: 7 | B87: GAZEBO | C87: GFF004R | D87: Chicken Tikka Samosa | E87: Snacks | F87: Chicken Samosa's | G87: Produced | H87: Regular | I87: 1006 | J87: CTS75G | K87: Chicken Tikka Samosa Medium 75G | L87: 75 | M87: N | N87: Live | O87: 920 | P87: - | Q87: - | R87: - | S87: - | T87: - | U87: - | V87: -
A88: 7 | B88: GAZEBO | C88: GFF004R | D88: Chicken Tikka Samosa | E88: Snacks | F88: Chicken Samosa's | G88: Produced | H88: Regular | I88: 1006 | J88: CTS75G | K88: Chicken Tikka Samosa Medium 75G | L88: 75 | M88: N | N88: Live | O88: 920 | P88: - | Q88: - | R88: - | S88: - | T88: - | U88: - | V88: -
A89: - | B89: - | C89: - | D89: - | E89: - | F89: - | G89: - | H89: - | I89: - | J89: - | K89: - | L89: - | M89: - | N89: - | O89: - | P89: - | Q89: - | R89: - | S89: - | T89: - | U89: - | V89: -
A90: 8 | B90: GAZEBO | C90: GFF004R | D90: Chicken Tikka Samosa | E90: Snacks | F90: Chicken Samosa's | G90: Produced | H90: Regular | I90: 1007 | J90: CTS40G | K90: Chicken Tikka Samosa Cocktail 40G | L90: 40 | M90: N | N90: Live | O90: 1800 | P90: - | Q90: - | R90: - | S90: Diced Chicken | T90: PREPARATION | U90: 9900 | V90: -
A91: 8 | B91: GAZEBO | C91: GFF004R | D91: Chicken Tikka Samosa | E91: Snacks | F91: Chicken Samosa's | G91: Produced | H91: Regular | I91: 1007 | J91: CTS40G | K91: Chicken Tikka Samosa Cocktail 40G | L91: 40 | M91: N | N91: Live | O91: 1800 | P91: - | Q91: - | R91: - | S91: Diced Onions | T91: PREPARATION | U91: 9900 | V91: -
A92: 8 | B92: GAZEBO | C92: GFF004R | D92: Chicken Tikka Samosa | E92: Snacks | F92: Chicken Samosa's | G92: Produced | H92: Regular | I92: 1007 | J92: CTS40G | K92: Chicken Tikka Samosa Cocktail 40G | L92: 40 | M92: N | N92: Live | O92: 1800 | P92: - | Q92: - | R92: - | S92: Peas | T92: PREPARATION | U92: 9900 | V92: -
A93: 8 | B93: GAZEBO | C93: GFF004R | D93: Chicken Tikka Samosa | E93: Snacks | F93: Chicken Samosa's | G93: Produced | H93: Regular | I93: 1007 | J93: CTS40G | K93: Chicken Tikka Samosa Cocktail 40G | L93: 40 | M93: N | N93: Live | O93: 1800 | P93: - | Q93: - | R93: - | S93: Soya Mince | T93: PREPARATION | U93: 4950 | V93: -
A94: 8 | B94: GAZEBO | C94: GFF004R | D94: Chicken Tikka Samosa | E94: Snacks | F94: Chicken Samosa's | G94: Produced | H94: Regular | I94: 1007 | J94: CTS40G | K94: Chicken Tikka Samosa Cocktail 40G | L94: 40 | M94: N | N94: Live | O94: 1800 | P94: - | Q94: - | R94: - | S94: Water | T94: PREPARATION | U94: 3960 | V94: -
A95: 8 | B95: GAZEBO | C95: GFF004R | D95: Chicken Tikka Samosa | E95: Snacks | F95: Chicken Samosa's | G95: Produced | H95: Regular | I95: 1007 | J95: CTS40G | K95: Chicken Tikka Samosa Cocktail 40G | L95: 40 | M95: N | N95: Live | O95: 1800 | P95: - | Q95: - | R95: - | S95: Lemon Juice | T95: PREPARATION | U95: 1485 | V95: -
A96: 8 | B96: GAZEBO | C96: GFF004R | D96: Chicken Tikka Samosa | E96: Snacks | F96: Chicken Samosa's | G96: Produced | H96: Regular | I96: 1007 | J96: CTS40G | K96: Chicken Tikka Samosa Cocktail 40G | L96: 40 | M96: N | N96: Live | O96: 1800 | P96: - | Q96: - | R96: - | S96: Sugar | T96: SPICE | U96: 240 | V96: -
A97: 8 | B97: GAZEBO | C97: GFF004R | D97: Chicken Tikka Samosa | E97: Snacks | F97: Chicken Samosa's | G97: Produced | H97: Regular | I97: 1007 | J97: CTS40G | K97: Chicken Tikka Samosa Cocktail 40G | L97: 40 | M97: N | N97: Live | O97: 1800 | P97: - | Q97: - | R97: - | S97: Whole Cumin | T97: SPICE | U97: 100 | V97: -
A98: 8 | B98: GAZEBO | C98: GFF004R | D98: Chicken Tikka Samosa | E98: Snacks | F98: Chicken Samosa's | G98: Produced | H98: Regular | I98: 1007 | J98: CTS40G | K98: Chicken Tikka Samosa Cocktail 40G | L98: 40 | M98: N | N98: Live | O98: 1800 | P98: - | Q98: - | R98: - | S98: Chilli Powder | T98: SPICE | U98: 75 | V98: -
A99: 8 | B99: GAZEBO | C99: GFF004R | D99: Chicken Tikka Samosa | E99: Snacks | F99: Chicken Samosa's | G99: Produced | H99: Regular | I99: 1007 | J99: CTS40G | K99: Chicken Tikka Samosa Cocktail 40G | L99: 40 | M99: N | N99: Live | O99: 1800 | P99: - | Q99: - | R99: - | S99: Tikka Seasoning | T99: SPICE | U99: 2180 | V99: -
A100: 8 | B100: GAZEBO | C100: GFF004R | D100: Chicken Tikka Samosa | E100: Snacks | F100: Chicken Samosa's | G100: Produced | H100: Regular | I100: 1007 | J100: CTS40G | K100: Chicken Tikka Samosa Cocktail 40G | L100: 40 | M100: N | N100: Live | O100: 1800 | P100: - | Q100: - | R100: - | S100: - | T100: - | U100: - | V100: -
...
